Vdd,Cload,Slew,Temp,Wp,Power
0.7,1e-15,1e-11,-40,1.8e-07,1.43497e-07
0.7,1e-15,1e-11,-40,3.6e-07,1.92652e-07
0.7,1e-15,1e-11,-25,1.8e-07,1.45041e-07
0.7,1e-15,1e-11,-25,3.6e-07,1.95731e-07
0.7,1e-15,1e-11,0,1.8e-07,1.47486e-07
0.7,1e-15,1e-11,0,3.6e-07,2.00495e-07
0.7,1e-15,1e-11,25,1.8e-07,1.49786e-07
0.7,1e-15,1e-11,25,3.6e-07,2.04972e-07
0.7,1e-15,1e-11,75,1.8e-07,1.54008e-07
0.7,1e-15,1e-11,75,3.6e-07,2.1313e-07
0.7,1e-15,1e-11,100,1.8e-07,1.55973e-07
0.7,1e-15,1e-11,100,3.6e-07,2.16896e-07
0.7,1e-15,1e-11,125,1.8e-07,1.57756e-07
0.7,1e-15,1e-11,125,3.6e-07,2.20349e-07
0.7,1e-15,5e-11,-40,1.8e-07,1.36887e-07
0.7,1e-15,5e-11,-40,3.6e-07,1.79404e-07
0.7,1e-15,5e-11,-25,1.8e-07,1.38512e-07
0.7,1e-15,5e-11,-25,3.6e-07,1.82314e-07
0.7,1e-15,5e-11,0,1.8e-07,1.41004e-07
0.7,1e-15,5e-11,0,3.6e-07,1.86992e-07
0.7,1e-15,5e-11,25,1.8e-07,1.43356e-07
0.7,1e-15,5e-11,25,3.6e-07,1.91485e-07
0.7,1e-15,5e-11,75,1.8e-07,1.47749e-07
0.7,1e-15,5e-11,75,3.6e-07,2.00002e-07
0.7,1e-15,5e-11,100,1.8e-07,1.49815e-07
0.7,1e-15,5e-11,100,3.6e-07,2.03994e-07
0.7,1e-15,5e-11,125,1.8e-07,1.51713e-07
0.7,1e-15,5e-11,125,3.6e-07,2.07651e-07
0.7,1e-15,1e-10,-40,1.8e-07,1.34612e-07
0.7,1e-15,1e-10,-40,3.6e-07,1.75358e-07
0.7,1e-15,1e-10,-25,1.8e-07,1.36084e-07
0.7,1e-15,1e-10,-25,3.6e-07,1.77968e-07
0.7,1e-15,1e-10,0,1.8e-07,1.38397e-07
0.7,1e-15,1e-10,0,3.6e-07,1.82114e-07
0.7,1e-15,1e-10,25,1.8e-07,1.40666e-07
0.7,1e-15,1e-10,25,3.6e-07,1.86195e-07
0.7,1e-15,1e-10,75,1.8e-07,1.44927e-07
0.7,1e-15,1e-10,75,3.6e-07,1.94214e-07
0.7,1e-15,1e-10,100,1.8e-07,1.4693e-07
0.7,1e-15,1e-10,100,3.6e-07,1.98028e-07
0.7,1e-15,1e-10,125,1.8e-07,1.48789e-07
0.7,1e-15,1e-10,125,3.6e-07,2.01568e-07
0.7,1e-15,2e-10,-40,1.8e-07,1.33077e-07
0.7,1e-15,2e-10,-40,3.6e-07,1.72861e-07
0.7,1e-15,2e-10,-25,1.8e-07,1.34293e-07
0.7,1e-15,2e-10,-25,3.6e-07,1.74981e-07
0.7,1e-15,2e-10,0,1.8e-07,1.36358e-07
0.7,1e-15,2e-10,0,3.6e-07,1.7855e-07
0.7,1e-15,2e-10,25,1.8e-07,1.38413e-07
0.7,1e-15,2e-10,25,3.6e-07,1.82174e-07
0.7,1e-15,2e-10,75,1.8e-07,1.42399e-07
0.7,1e-15,2e-10,75,3.6e-07,1.89431e-07
0.7,1e-15,2e-10,100,1.8e-07,1.44292e-07
0.7,1e-15,2e-10,100,3.6e-07,1.92906e-07
0.7,1e-15,2e-10,125,1.8e-07,1.46053e-07
0.7,1e-15,2e-10,125,3.6e-07,1.96166e-07
0.7,1e-15,4e-10,-40,1.8e-07,1.32417e-07
0.7,1e-15,4e-10,-40,3.6e-07,1.71491e-07
0.7,1e-15,4e-10,-25,1.8e-07,1.33334e-07
0.7,1e-15,4e-10,-25,3.6e-07,1.73165e-07
0.7,1e-15,4e-10,0,1.8e-07,1.35076e-07
0.7,1e-15,4e-10,0,3.6e-07,1.76247e-07
0.7,1e-15,4e-10,25,1.8e-07,1.36875e-07
0.7,1e-15,4e-10,25,3.6e-07,1.79402e-07
0.7,1e-15,4e-10,75,1.8e-07,1.40522e-07
0.7,1e-15,4e-10,75,3.6e-07,1.85941e-07
0.7,1e-15,4e-10,100,1.8e-07,1.422e-07
0.7,1e-15,4e-10,100,3.6e-07,1.89096e-07
0.7,1e-15,4e-10,125,1.8e-07,1.43816e-07
0.7,1e-15,4e-10,125,3.6e-07,1.92039e-07
0.7,5.454545454545455e-15,1e-11,-40,1.8e-07,5.08292e-07
0.7,5.454545454545455e-15,1e-11,-40,3.6e-07,5.58547e-07
0.7,5.454545454545455e-15,1e-11,-25,1.8e-07,5.09643e-07
0.7,5.454545454545455e-15,1e-11,-25,3.6e-07,5.61213e-07
0.7,5.454545454545455e-15,1e-11,0,1.8e-07,5.11832e-07
0.7,5.454545454545455e-15,1e-11,0,3.6e-07,5.65538e-07
0.7,5.454545454545455e-15,1e-11,25,1.8e-07,5.13951e-07
0.7,5.454545454545455e-15,1e-11,25,3.6e-07,5.69629e-07
0.7,5.454545454545455e-15,1e-11,75,1.8e-07,5.17826e-07
0.7,5.454545454545455e-15,1e-11,75,3.6e-07,5.77212e-07
0.7,5.454545454545455e-15,1e-11,100,1.8e-07,5.19551e-07
0.7,5.454545454545455e-15,1e-11,100,3.6e-07,5.80701e-07
0.7,5.454545454545455e-15,1e-11,125,1.8e-07,5.20828e-07
0.7,5.454545454545455e-15,1e-11,125,3.6e-07,5.8384e-07
0.7,5.454545454545455e-15,5e-11,-40,1.8e-07,5.03664e-07
0.7,5.454545454545455e-15,5e-11,-40,3.6e-07,5.48444e-07
0.7,5.454545454545455e-15,5e-11,-25,1.8e-07,5.05046e-07
0.7,5.454545454545455e-15,5e-11,-25,3.6e-07,5.51255e-07
0.7,5.454545454545455e-15,5e-11,0,1.8e-07,5.07162e-07
0.7,5.454545454545455e-15,5e-11,0,3.6e-07,5.55537e-07
0.7,5.454545454545455e-15,5e-11,25,1.8e-07,5.09172e-07
0.7,5.454545454545455e-15,5e-11,25,3.6e-07,5.59531e-07
0.7,5.454545454545455e-15,5e-11,75,1.8e-07,5.13008e-07
0.7,5.454545454545455e-15,5e-11,75,3.6e-07,5.67088e-07
0.7,5.454545454545455e-15,5e-11,100,1.8e-07,5.14649e-07
0.7,5.454545454545455e-15,5e-11,100,3.6e-07,5.70629e-07
0.7,5.454545454545455e-15,5e-11,125,1.8e-07,5.15722e-07
0.7,5.454545454545455e-15,5e-11,125,3.6e-07,5.7385e-07
0.7,5.454545454545455e-15,1e-10,-40,1.8e-07,5.01489e-07
0.7,5.454545454545455e-15,1e-10,-40,3.6e-07,5.43874e-07
0.7,5.454545454545455e-15,1e-10,-25,1.8e-07,5.02959e-07
0.7,5.454545454545455e-15,1e-10,-25,3.6e-07,5.46758e-07
0.7,5.454545454545455e-15,1e-10,0,1.8e-07,5.052e-07
0.7,5.454545454545455e-15,1e-10,0,3.6e-07,5.51189e-07
0.7,5.454545454545455e-15,1e-10,25,1.8e-07,5.07225e-07
0.7,5.454545454545455e-15,1e-10,25,3.6e-07,5.55225e-07
0.7,5.454545454545455e-15,1e-10,75,1.8e-07,5.10936e-07
0.7,5.454545454545455e-15,1e-10,75,3.6e-07,5.62719e-07
0.7,5.454545454545455e-15,1e-10,100,1.8e-07,5.12371e-07
0.7,5.454545454545455e-15,1e-10,100,3.6e-07,5.66171e-07
0.7,5.454545454545455e-15,1e-10,125,1.8e-07,5.1287e-07
0.7,5.454545454545455e-15,1e-10,125,3.6e-07,5.69309e-07
0.7,5.454545454545455e-15,2e-10,-40,1.8e-07,4.99265e-07
0.7,5.454545454545455e-15,2e-10,-40,3.6e-07,5.39702e-07
0.7,5.454545454545455e-15,2e-10,-25,1.8e-07,5.00763e-07
0.7,5.454545454545455e-15,2e-10,-25,3.6e-07,5.42387e-07
0.7,5.454545454545455e-15,2e-10,0,1.8e-07,5.03008e-07
0.7,5.454545454545455e-15,2e-10,0,3.6e-07,5.46608e-07
0.7,5.454545454545455e-15,2e-10,25,1.8e-07,5.05057e-07
0.7,5.454545454545455e-15,2e-10,25,3.6e-07,5.5061e-07
0.7,5.454545454545455e-15,2e-10,75,1.8e-07,5.08356e-07
0.7,5.454545454545455e-15,2e-10,75,3.6e-07,5.58017e-07
0.7,5.454545454545455e-15,2e-10,100,1.8e-07,5.08467e-07
0.7,5.454545454545455e-15,2e-10,100,3.6e-07,5.61401e-07
0.7,5.454545454545455e-15,2e-10,125,1.8e-07,5.05961e-07
0.7,5.454545454545455e-15,2e-10,125,3.6e-07,5.64406e-07
0.7,5.454545454545455e-15,4e-10,-40,1.8e-07,4.97161e-07
0.7,5.454545454545455e-15,4e-10,-40,3.6e-07,5.35935e-07
0.7,5.454545454545455e-15,4e-10,-25,1.8e-07,4.9843e-07
0.7,5.454545454545455e-15,4e-10,-25,3.6e-07,5.38186e-07
0.7,5.454545454545455e-15,4e-10,0,1.8e-07,5.0018e-07
0.7,5.454545454545455e-15,4e-10,0,3.6e-07,5.41919e-07
0.7,5.454545454545455e-15,4e-10,25,1.8e-07,4.99318e-07
0.7,5.454545454545455e-15,4e-10,25,3.6e-07,5.45498e-07
0.7,5.454545454545455e-15,4e-10,75,1.8e-07,4.71884e-07
0.7,5.454545454545455e-15,4e-10,75,3.6e-07,5.52115e-07
0.7,5.454545454545455e-15,4e-10,100,1.8e-07,4.42699e-07
0.7,5.454545454545455e-15,4e-10,100,3.6e-07,5.54098e-07
0.7,5.454545454545455e-15,4e-10,125,1.8e-07,4.09318e-07
0.7,5.454545454545455e-15,4e-10,125,3.6e-07,5.53845e-07
0.7,9.909090909090909e-15,1e-11,-40,1.8e-07,8.72137e-07
0.7,9.909090909090909e-15,1e-11,-40,3.6e-07,9.22594e-07
0.7,9.909090909090909e-15,1e-11,-25,1.8e-07,8.73434e-07
0.7,9.909090909090909e-15,1e-11,-25,3.6e-07,9.25125e-07
0.7,9.909090909090909e-15,1e-11,0,1.8e-07,8.75597e-07
0.7,9.909090909090909e-15,1e-11,0,3.6e-07,9.29294e-07
0.7,9.909090909090909e-15,1e-11,25,1.8e-07,8.77565e-07
0.7,9.909090909090909e-15,1e-11,25,3.6e-07,9.33319e-07
0.7,9.909090909090909e-15,1e-11,75,1.8e-07,8.77272e-07
0.7,9.909090909090909e-15,1e-11,75,3.6e-07,9.40659e-07
0.7,9.909090909090909e-15,1e-11,100,1.8e-07,8.698e-07
0.7,9.909090909090909e-15,1e-11,100,3.6e-07,9.43972e-07
0.7,9.909090909090909e-15,1e-11,125,1.8e-07,8.53142e-07
0.7,9.909090909090909e-15,1e-11,125,3.6e-07,9.46767e-07
0.7,9.909090909090909e-15,5e-11,-40,1.8e-07,8.68126e-07
0.7,9.909090909090909e-15,5e-11,-40,3.6e-07,9.13823e-07
0.7,9.909090909090909e-15,5e-11,-25,1.8e-07,8.6938e-07
0.7,9.909090909090909e-15,5e-11,-25,3.6e-07,9.1636e-07
0.7,9.909090909090909e-15,5e-11,0,1.8e-07,8.71329e-07
0.7,9.909090909090909e-15,5e-11,0,3.6e-07,9.20287e-07
0.7,9.909090909090909e-15,5e-11,25,1.8e-07,8.73071e-07
0.7,9.909090909090909e-15,5e-11,25,3.6e-07,9.24063e-07
0.7,9.909090909090909e-15,5e-11,75,1.8e-07,8.70275e-07
0.7,9.909090909090909e-15,5e-11,75,3.6e-07,9.31238e-07
0.7,9.909090909090909e-15,5e-11,100,1.8e-07,8.58838e-07
0.7,9.909090909090909e-15,5e-11,100,3.6e-07,9.34514e-07
0.7,9.909090909090909e-15,5e-11,125,1.8e-07,8.36538e-07
0.7,9.909090909090909e-15,5e-11,125,3.6e-07,9.37215e-07
0.7,9.909090909090909e-15,1e-10,-40,1.8e-07,8.66283e-07
0.7,9.909090909090909e-15,1e-10,-40,3.6e-07,9.0979e-07
0.7,9.909090909090909e-15,1e-10,-25,1.8e-07,8.67634e-07
0.7,9.909090909090909e-15,1e-10,-25,3.6e-07,9.12503e-07
0.7,9.909090909090909e-15,1e-10,0,1.8e-07,8.69617e-07
0.7,9.909090909090909e-15,1e-10,0,3.6e-07,9.1663e-07
0.7,9.909090909090909e-15,1e-10,25,1.8e-07,8.71149e-07
0.7,9.909090909090909e-15,1e-10,25,3.6e-07,9.20409e-07
0.7,9.909090909090909e-15,1e-10,75,1.8e-07,8.63011e-07
0.7,9.909090909090909e-15,1e-10,75,3.6e-07,9.27429e-07
0.7,9.909090909090909e-15,1e-10,100,1.8e-07,8.44605e-07
0.7,9.909090909090909e-15,1e-10,100,3.6e-07,9.30473e-07
0.7,9.909090909090909e-15,1e-10,125,1.8e-07,8.13522e-07
0.7,9.909090909090909e-15,1e-10,125,3.6e-07,9.32669e-07
0.7,9.909090909090909e-15,2e-10,-40,1.8e-07,8.64213e-07
0.7,9.909090909090909e-15,2e-10,-40,3.6e-07,9.05606e-07
0.7,9.909090909090909e-15,2e-10,-25,1.8e-07,8.65624e-07
0.7,9.909090909090909e-15,2e-10,-25,3.6e-07,9.08321e-07
0.7,9.909090909090909e-15,2e-10,0,1.8e-07,8.67527e-07
0.7,9.909090909090909e-15,2e-10,0,3.6e-07,9.12479e-07
0.7,9.909090909090909e-15,2e-10,25,1.8e-07,8.66946e-07
0.7,9.909090909090909e-15,2e-10,25,3.6e-07,9.16336e-07
0.7,9.909090909090909e-15,2e-10,75,1.8e-07,8.33419e-07
0.7,9.909090909090909e-15,2e-10,75,3.6e-07,9.23106e-07
0.7,9.909090909090909e-15,2e-10,100,1.8e-07,7.9233e-07
0.7,9.909090909090909e-15,2e-10,100,3.6e-07,9.25147e-07
0.7,9.909090909090909e-15,2e-10,125,1.8e-07,7.39984e-07
0.7,9.909090909090909e-15,2e-10,125,3.6e-07,9.24666e-07
0.7,9.909090909090909e-15,4e-10,-40,1.8e-07,8.60994e-07
0.7,9.909090909090909e-15,4e-10,-40,3.6e-07,9.01123e-07
0.7,9.909090909090909e-15,4e-10,-25,1.8e-07,8.56977e-07
0.7,9.909090909090909e-15,4e-10,-25,3.6e-07,9.03524e-07
0.7,9.909090909090909e-15,4e-10,0,1.8e-07,8.19829e-07
0.7,9.909090909090909e-15,4e-10,0,3.6e-07,9.07239e-07
0.7,9.909090909090909e-15,4e-10,25,1.8e-07,7.37094e-07
0.7,9.909090909090909e-15,4e-10,25,3.6e-07,9.09086e-07
0.7,9.909090909090909e-15,4e-10,75,1.8e-07,5.67763e-07
0.7,9.909090909090909e-15,4e-10,75,3.6e-07,8.85606e-07
0.7,9.909090909090909e-15,4e-10,100,1.8e-07,5.04402e-07
0.7,9.909090909090909e-15,4e-10,100,3.6e-07,8.50354e-07
0.7,9.909090909090909e-15,4e-10,125,1.8e-07,4.5255e-07
0.7,9.909090909090909e-15,4e-10,125,3.6e-07,8.01932e-07
0.7,1.436363636363636e-14,1e-11,-40,1.8e-07,1.23593e-06
0.7,1.436363636363636e-14,1e-11,-40,3.6e-07,1.28638e-06
0.7,1.436363636363636e-14,1e-11,-25,1.8e-07,1.23718e-06
0.7,1.436363636363636e-14,1e-11,-25,3.6e-07,1.28885e-06
0.7,1.436363636363636e-14,1e-11,0,1.8e-07,1.239e-06
0.7,1.436363636363636e-14,1e-11,0,3.6e-07,1.29296e-06
0.7,1.436363636363636e-14,1e-11,25,1.8e-07,1.23783e-06
0.7,1.436363636363636e-14,1e-11,25,3.6e-07,1.29691e-06
0.7,1.436363636363636e-14,1e-11,75,1.8e-07,1.19253e-06
0.7,1.436363636363636e-14,1e-11,75,3.6e-07,1.30376e-06
0.7,1.436363636363636e-14,1e-11,100,1.8e-07,1.13619e-06
0.7,1.436363636363636e-14,1e-11,100,3.6e-07,1.30563e-06
0.7,1.436363636363636e-14,1e-11,125,1.8e-07,1.06347e-06
0.7,1.436363636363636e-14,1e-11,125,3.6e-07,1.30417e-06
0.7,1.436363636363636e-14,5e-11,-40,1.8e-07,1.23214e-06
0.7,1.436363636363636e-14,5e-11,-40,3.6e-07,1.27829e-06
0.7,1.436363636363636e-14,5e-11,-25,1.8e-07,1.23333e-06
0.7,1.436363636363636e-14,5e-11,-25,3.6e-07,1.28065e-06
0.7,1.436363636363636e-14,5e-11,0,1.8e-07,1.23464e-06
0.7,1.436363636363636e-14,5e-11,0,3.6e-07,1.28443e-06
0.7,1.436363636363636e-14,5e-11,25,1.8e-07,1.23113e-06
0.7,1.436363636363636e-14,5e-11,25,3.6e-07,1.28806e-06
0.7,1.436363636363636e-14,5e-11,75,1.8e-07,1.16793e-06
0.7,1.436363636363636e-14,5e-11,75,3.6e-07,1.29441e-06
0.7,1.436363636363636e-14,5e-11,100,1.8e-07,1.10015e-06
0.7,1.436363636363636e-14,5e-11,100,3.6e-07,1.29534e-06
0.7,1.436363636363636e-14,5e-11,125,1.8e-07,1.01931e-06
0.7,1.436363636363636e-14,5e-11,125,3.6e-07,1.29185e-06
0.7,1.436363636363636e-14,1e-10,-40,1.8e-07,1.23051e-06
0.7,1.436363636363636e-14,1e-10,-40,3.6e-07,1.27468e-06
0.7,1.436363636363636e-14,1e-10,-25,1.8e-07,1.23171e-06
0.7,1.436363636363636e-14,1e-10,-25,3.6e-07,1.27725e-06
0.7,1.436363636363636e-14,1e-10,0,1.8e-07,1.23229e-06
0.7,1.436363636363636e-14,1e-10,0,3.6e-07,1.28116e-06
0.7,1.436363636363636e-14,1e-10,25,1.8e-07,1.22376e-06
0.7,1.436363636363636e-14,1e-10,25,3.6e-07,1.28474e-06
0.7,1.436363636363636e-14,1e-10,75,1.8e-07,1.1311e-06
0.7,1.436363636363636e-14,1e-10,75,3.6e-07,1.29012e-06
0.7,1.436363636363636e-14,1e-10,100,1.8e-07,1.04877e-06
0.7,1.436363636363636e-14,1e-10,100,3.6e-07,1.28882e-06
0.7,1.436363636363636e-14,1e-10,125,1.8e-07,9.59767e-07
0.7,1.436363636363636e-14,1e-10,125,3.6e-07,1.2807e-06
0.7,1.436363636363636e-14,2e-10,-40,1.8e-07,1.2286e-06
0.7,1.436363636363636e-14,2e-10,-40,3.6e-07,1.2707e-06
0.7,1.436363636363636e-14,2e-10,-25,1.8e-07,1.22948e-06
0.7,1.436363636363636e-14,2e-10,-25,3.6e-07,1.27337e-06
0.7,1.436363636363636e-14,2e-10,0,1.8e-07,1.22324e-06
0.7,1.436363636363636e-14,2e-10,0,3.6e-07,1.27739e-06
0.7,1.436363636363636e-14,2e-10,25,1.8e-07,1.18866e-06
0.7,1.436363636363636e-14,2e-10,25,3.6e-07,1.28094e-06
0.7,1.436363636363636e-14,2e-10,75,1.8e-07,1.01307e-06
0.7,1.436363636363636e-14,2e-10,75,3.6e-07,1.28037e-06
0.7,1.436363636363636e-14,2e-10,100,1.8e-07,9.10105e-07
0.7,1.436363636363636e-14,2e-10,100,3.6e-07,1.2678e-06
0.7,1.436363636363636e-14,2e-10,125,1.8e-07,8.17305e-07
0.7,1.436363636363636e-14,2e-10,125,3.6e-07,1.2409e-06
0.7,1.436363636363636e-14,4e-10,-40,1.8e-07,1.19839e-06
0.7,1.436363636363636e-14,4e-10,-40,3.6e-07,1.26593e-06
0.7,1.436363636363636e-14,4e-10,-25,1.8e-07,1.1281e-06
0.7,1.436363636363636e-14,4e-10,-25,3.6e-07,1.26812e-06
0.7,1.436363636363636e-14,4e-10,0,1.8e-07,9.51303e-07
0.7,1.436363636363636e-14,4e-10,0,3.6e-07,1.26574e-06
0.7,1.436363636363636e-14,4e-10,25,1.8e-07,8.00698e-07
0.7,1.436363636363636e-14,4e-10,25,3.6e-07,1.23913e-06
0.7,1.436363636363636e-14,4e-10,75,1.8e-07,5.96369e-07
0.7,1.436363636363636e-14,4e-10,75,3.6e-07,1.07518e-06
0.7,1.436363636363636e-14,4e-10,100,1.8e-07,5.25798e-07
0.7,1.436363636363636e-14,4e-10,100,3.6e-07,9.73621e-07
0.7,1.436363636363636e-14,4e-10,125,1.8e-07,4.69064e-07
0.7,1.436363636363636e-14,4e-10,125,3.6e-07,8.82681e-07
0.7,1.8818181818181816e-14,1e-11,-40,1.8e-07,1.59964e-06
0.7,1.8818181818181816e-14,1e-11,-40,3.6e-07,1.65012e-06
0.7,1.8818181818181816e-14,1e-11,-25,1.8e-07,1.6007e-06
0.7,1.8818181818181816e-14,1e-11,-25,3.6e-07,1.65253e-06
0.7,1.8818181818181816e-14,1e-11,0,1.8e-07,1.59839e-06
0.7,1.8818181818181816e-14,1e-11,0,3.6e-07,1.65661e-06
0.7,1.8818181818181816e-14,1e-11,25,1.8e-07,1.57502e-06
0.7,1.8818181818181816e-14,1e-11,25,3.6e-07,1.66044e-06
0.7,1.8818181818181816e-14,1e-11,75,1.8e-07,1.40564e-06
0.7,1.8818181818181816e-14,1e-11,75,3.6e-07,1.66333e-06
0.7,1.8818181818181816e-14,1e-11,100,1.8e-07,1.28227e-06
0.7,1.8818181818181816e-14,1e-11,100,3.6e-07,1.65551e-06
0.7,1.8818181818181816e-14,1e-11,125,1.8e-07,1.16057e-06
0.7,1.8818181818181816e-14,1e-11,125,3.6e-07,1.63515e-06
0.7,1.8818181818181816e-14,5e-11,-40,1.8e-07,1.59601e-06
0.7,1.8818181818181816e-14,5e-11,-40,3.6e-07,1.64242e-06
0.7,1.8818181818181816e-14,5e-11,-25,1.8e-07,1.59677e-06
0.7,1.8818181818181816e-14,5e-11,-25,3.6e-07,1.6447e-06
0.7,1.8818181818181816e-14,5e-11,0,1.8e-07,1.59104e-06
0.7,1.8818181818181816e-14,5e-11,0,3.6e-07,1.64834e-06
0.7,1.8818181818181816e-14,5e-11,25,1.8e-07,1.55546e-06
0.7,1.8818181818181816e-14,5e-11,25,3.6e-07,1.65177e-06
0.7,1.8818181818181816e-14,5e-11,75,1.8e-07,1.35086e-06
0.7,1.8818181818181816e-14,5e-11,75,3.6e-07,1.65175e-06
0.7,1.8818181818181816e-14,5e-11,100,1.8e-07,1.22006e-06
0.7,1.8818181818181816e-14,5e-11,100,3.6e-07,1.6389e-06
0.7,1.8818181818181816e-14,5e-11,125,1.8e-07,1.09765e-06
0.7,1.8818181818181816e-14,5e-11,125,3.6e-07,1.6097e-06
0.7,1.8818181818181816e-14,1e-10,-40,1.8e-07,1.59447e-06
0.7,1.8818181818181816e-14,1e-10,-40,3.6e-07,1.6391e-06
0.7,1.8818181818181816e-14,1e-10,-25,1.8e-07,1.59465e-06
0.7,1.8818181818181816e-14,1e-10,-25,3.6e-07,1.64154e-06
0.7,1.8818181818181816e-14,1e-10,0,1.8e-07,1.5815e-06
0.7,1.8818181818181816e-14,1e-10,0,3.6e-07,1.64526e-06
0.7,1.8818181818181816e-14,1e-10,25,1.8e-07,1.52415e-06
0.7,1.8818181818181816e-14,1e-10,25,3.6e-07,1.64846e-06
0.7,1.8818181818181816e-14,1e-10,75,1.8e-07,1.27433e-06
0.7,1.8818181818181816e-14,1e-10,75,3.6e-07,1.642e-06
0.7,1.8818181818181816e-14,1e-10,100,1.8e-07,1.13848e-06
0.7,1.8818181818181816e-14,1e-10,100,3.6e-07,1.61929e-06
0.7,1.8818181818181816e-14,1e-10,125,1.8e-07,1.0184e-06
0.7,1.8818181818181816e-14,1e-10,125,3.6e-07,1.5759e-06
0.7,1.8818181818181816e-14,2e-10,-40,1.8e-07,1.59177e-06
0.7,1.8818181818181816e-14,2e-10,-40,3.6e-07,1.63539e-06
0.7,1.8818181818181816e-14,2e-10,-25,1.8e-07,1.58585e-06
0.7,1.8818181818181816e-14,2e-10,-25,3.6e-07,1.638e-06
0.7,1.8818181818181816e-14,2e-10,0,1.8e-07,1.53168e-06
0.7,1.8818181818181816e-14,2e-10,0,3.6e-07,1.64167e-06
0.7,1.8818181818181816e-14,2e-10,25,1.8e-07,1.40163e-06
0.7,1.8818181818181816e-14,2e-10,25,3.6e-07,1.64276e-06
0.7,1.8818181818181816e-14,2e-10,75,1.8e-07,1.08449e-06
0.7,1.8818181818181816e-14,2e-10,75,3.6e-07,1.60285e-06
0.7,1.8818181818181816e-14,2e-10,100,1.8e-07,9.56247e-07
0.7,1.8818181818181816e-14,2e-10,100,3.6e-07,1.54379e-06
0.7,1.8818181818181816e-14,2e-10,125,1.8e-07,8.50445e-07
0.7,1.8818181818181816e-14,2e-10,125,3.6e-07,1.46041e-06
0.7,1.8818181818181816e-14,4e-10,-40,1.8e-07,1.4058e-06
0.7,1.8818181818181816e-14,4e-10,-40,3.6e-07,1.6299e-06
0.7,1.8818181818181816e-14,4e-10,-25,1.8e-07,1.23099e-06
0.7,1.8818181818181816e-14,4e-10,-25,3.6e-07,1.62698e-06
0.7,1.8818181818181816e-14,4e-10,0,1.8e-07,9.98592e-07
0.7,1.8818181818181816e-14,4e-10,0,3.6e-07,1.58327e-06
0.7,1.8818181818181816e-14,4e-10,25,1.8e-07,8.3113e-07
0.7,1.8818181818181816e-14,4e-10,25,3.6e-07,1.46101e-06
0.7,1.8818181818181816e-14,4e-10,75,1.8e-07,6.11869e-07
0.7,1.8818181818181816e-14,4e-10,75,3.6e-07,1.14741e-06
0.7,1.8818181818181816e-14,4e-10,100,1.8e-07,5.37507e-07
0.7,1.8818181818181816e-14,4e-10,100,3.6e-07,1.02213e-06
0.7,1.8818181818181816e-14,4e-10,125,1.8e-07,4.78103e-07
0.7,1.8818181818181816e-14,4e-10,125,3.6e-07,9.1871e-07
0.7,2.327272727272727e-14,1e-11,-40,1.8e-07,1.96318e-06
0.7,2.327272727272727e-14,1e-11,-40,3.6e-07,2.01381e-06
0.7,2.327272727272727e-14,1e-11,-25,1.8e-07,1.96236e-06
0.7,2.327272727272727e-14,1e-11,-25,3.6e-07,2.0162e-06
0.7,2.327272727272727e-14,1e-11,0,1.8e-07,1.93924e-06
0.7,2.327272727272727e-14,1e-11,0,3.6e-07,2.02022e-06
0.7,2.327272727272727e-14,1e-11,25,1.8e-07,1.85269e-06
0.7,2.327272727272727e-14,1e-11,25,3.6e-07,2.02341e-06
0.7,2.327272727272727e-14,1e-11,75,1.8e-07,1.52242e-06
0.7,2.327272727272727e-14,1e-11,75,3.6e-07,2.00856e-06
0.7,2.327272727272727e-14,1e-11,100,1.8e-07,1.35437e-06
0.7,2.327272727272727e-14,1e-11,100,3.6e-07,1.97293e-06
0.7,2.327272727272727e-14,1e-11,125,1.8e-07,1.2084e-06
0.7,2.327272727272727e-14,1e-11,125,3.6e-07,1.90894e-06
0.7,2.327272727272727e-14,5e-11,-40,1.8e-07,1.95942e-06
0.7,2.327272727272727e-14,5e-11,-40,3.6e-07,2.00638e-06
0.7,2.327272727272727e-14,5e-11,-25,1.8e-07,1.95674e-06
0.7,2.327272727272727e-14,5e-11,-25,3.6e-07,2.0086e-06
0.7,2.327272727272727e-14,5e-11,0,1.8e-07,1.91974e-06
0.7,2.327272727272727e-14,5e-11,0,3.6e-07,2.0121e-06
0.7,2.327272727272727e-14,5e-11,25,1.8e-07,1.80561e-06
0.7,2.327272727272727e-14,5e-11,25,3.6e-07,2.01432e-06
0.7,2.327272727272727e-14,5e-11,75,1.8e-07,1.44438e-06
0.7,2.327272727272727e-14,5e-11,75,3.6e-07,1.98829e-06
0.7,2.327272727272727e-14,5e-11,100,1.8e-07,1.27795e-06
0.7,2.327272727272727e-14,5e-11,100,3.6e-07,1.93884e-06
0.7,2.327272727272727e-14,5e-11,125,1.8e-07,1.13731e-06
0.7,2.327272727272727e-14,5e-11,125,3.6e-07,1.85972e-06
0.7,2.327272727272727e-14,1e-10,-40,1.8e-07,1.95727e-06
0.7,2.327272727272727e-14,1e-10,-40,3.6e-07,2.0033e-06
0.7,2.327272727272727e-14,1e-10,-25,1.8e-07,1.9502e-06
0.7,2.327272727272727e-14,1e-10,-25,3.6e-07,2.00565e-06
0.7,2.327272727272727e-14,1e-10,0,1.8e-07,1.8865e-06
0.7,2.327272727272727e-14,1e-10,0,3.6e-07,2.00905e-06
0.7,2.327272727272727e-14,1e-10,25,1.8e-07,1.73171e-06
0.7,2.327272727272727e-14,1e-10,25,3.6e-07,2.00964e-06
0.7,2.327272727272727e-14,1e-10,75,1.8e-07,1.34285e-06
0.7,2.327272727272727e-14,1e-10,75,3.6e-07,1.96138e-06
0.7,2.327272727272727e-14,1e-10,100,1.8e-07,1.18279e-06
0.7,2.327272727272727e-14,1e-10,100,3.6e-07,1.89028e-06
0.7,2.327272727272727e-14,1e-10,125,1.8e-07,1.0502e-06
0.7,2.327272727272727e-14,1e-10,125,3.6e-07,1.78938e-06
0.7,2.327272727272727e-14,2e-10,-40,1.8e-07,1.9473e-06
0.7,2.327272727272727e-14,2e-10,-40,3.6e-07,1.99983e-06
0.7,2.327272727272727e-14,2e-10,-25,1.8e-07,1.91086e-06
0.7,2.327272727272727e-14,2e-10,-25,3.6e-07,2.00229e-06
0.7,2.327272727272727e-14,2e-10,0,1.8e-07,1.74466e-06
0.7,2.327272727272727e-14,2e-10,0,3.6e-07,2.00411e-06
0.7,2.327272727272727e-14,2e-10,25,1.8e-07,1.5088e-06
0.7,2.327272727272727e-14,2e-10,25,3.6e-07,1.99269e-06
0.7,2.327272727272727e-14,2e-10,75,1.8e-07,1.1218e-06
0.7,2.327272727272727e-14,2e-10,75,3.6e-07,1.85494e-06
0.7,2.327272727272727e-14,2e-10,100,1.8e-07,9.83102e-07
0.7,2.327272727272727e-14,2e-10,100,3.6e-07,1.72693e-06
0.7,2.327272727272727e-14,2e-10,125,1.8e-07,8.70721e-07
0.7,2.327272727272727e-14,2e-10,125,3.6e-07,1.5857e-06
0.7,2.327272727272727e-14,4e-10,-40,1.8e-07,1.48218e-06
0.7,2.327272727272727e-14,4e-10,-40,3.6e-07,1.98813e-06
0.7,2.327272727272727e-14,4e-10,-25,1.8e-07,1.27799e-06
0.7,2.327272727272727e-14,4e-10,-25,3.6e-07,1.95932e-06
0.7,2.327272727272727e-14,4e-10,0,1.8e-07,1.0271e-06
0.7,2.327272727272727e-14,4e-10,0,3.6e-07,1.80268e-06
0.7,2.327272727272727e-14,4e-10,25,1.8e-07,8.50204e-07
0.7,2.327272727272727e-14,4e-10,25,3.6e-07,1.56601e-06
0.7,2.327272727272727e-14,4e-10,75,1.8e-07,6.21712e-07
0.7,2.327272727272727e-14,4e-10,75,3.6e-07,1.18703e-06
0.7,2.327272727272727e-14,4e-10,100,1.8e-07,5.4491e-07
0.7,2.327272727272727e-14,4e-10,100,3.6e-07,1.05152e-06
0.7,2.327272727272727e-14,4e-10,125,1.8e-07,4.83831e-07
0.7,2.327272727272727e-14,4e-10,125,3.6e-07,9.41398e-07
0.7,2.7727272727272724e-14,1e-11,-40,1.8e-07,2.32547e-06
0.7,2.7727272727272724e-14,1e-11,-40,3.6e-07,2.37748e-06
0.7,2.7727272727272724e-14,1e-11,-25,1.8e-07,2.31603e-06
0.7,2.7727272727272724e-14,1e-11,-25,3.6e-07,2.37986e-06
0.7,2.7727272727272724e-14,1e-11,0,1.8e-07,2.23672e-06
0.7,2.7727272727272724e-14,1e-11,0,3.6e-07,2.38359e-06
0.7,2.7727272727272724e-14,1e-11,25,1.8e-07,2.04932e-06
0.7,2.7727272727272724e-14,1e-11,25,3.6e-07,2.38367e-06
0.7,2.7727272727272724e-14,1e-11,75,1.8e-07,1.58639e-06
0.7,2.7727272727272724e-14,1e-11,75,3.6e-07,2.32261e-06
0.7,2.7727272727272724e-14,1e-11,100,1.8e-07,1.39586e-06
0.7,2.7727272727272724e-14,1e-11,100,3.6e-07,2.23476e-06
0.7,2.7727272727272724e-14,1e-11,125,1.8e-07,1.2383e-06
0.7,2.7727272727272724e-14,1e-11,125,3.6e-07,2.11278e-06
0.7,2.7727272727272724e-14,5e-11,-40,1.8e-07,2.32039e-06
0.7,2.7727272727272724e-14,5e-11,-40,3.6e-07,2.37026e-06
0.7,2.7727272727272724e-14,5e-11,-25,1.8e-07,2.30373e-06
0.7,2.7727272727272724e-14,5e-11,-25,3.6e-07,2.37244e-06
0.7,2.7727272727272724e-14,5e-11,0,1.8e-07,2.19168e-06
0.7,2.7727272727272724e-14,5e-11,0,3.6e-07,2.37535e-06
0.7,2.7727272727272724e-14,5e-11,25,1.8e-07,1.96885e-06
0.7,2.7727272727272724e-14,5e-11,25,3.6e-07,2.37233e-06
0.7,2.7727272727272724e-14,5e-11,75,1.8e-07,1.49598e-06
0.7,2.7727272727272724e-14,5e-11,75,3.6e-07,2.28332e-06
0.7,2.7727272727272724e-14,5e-11,100,1.8e-07,1.313e-06
0.7,2.7727272727272724e-14,5e-11,100,3.6e-07,2.17449e-06
0.7,2.7727272727272724e-14,5e-11,125,1.8e-07,1.16309e-06
0.7,2.7727272727272724e-14,5e-11,125,3.6e-07,2.03447e-06
0.7,2.7727272727272724e-14,1e-10,-40,1.8e-07,2.31463e-06
0.7,2.7727272727272724e-14,1e-10,-40,3.6e-07,2.36736e-06
0.7,2.7727272727272724e-14,1e-10,-25,1.8e-07,2.28221e-06
0.7,2.7727272727272724e-14,1e-10,-25,3.6e-07,2.36961e-06
0.7,2.7727272727272724e-14,1e-10,0,1.8e-07,2.1163e-06
0.7,2.7727272727272724e-14,1e-10,0,3.6e-07,2.37163e-06
0.7,2.7727272727272724e-14,1e-10,25,1.8e-07,1.85285e-06
0.7,2.7727272727272724e-14,1e-10,25,3.6e-07,2.36208e-06
0.7,2.7727272727272724e-14,1e-10,75,1.8e-07,1.38315e-06
0.7,2.7727272727272724e-14,1e-10,75,3.6e-07,2.22511e-06
0.7,2.7727272727272724e-14,1e-10,100,1.8e-07,1.21122e-06
0.7,2.7727272727272724e-14,1e-10,100,3.6e-07,2.08683e-06
0.7,2.7727272727272724e-14,1e-10,125,1.8e-07,1.07149e-06
0.7,2.7727272727272724e-14,1e-10,125,3.6e-07,1.92668e-06
0.7,2.7727272727272724e-14,2e-10,-40,1.8e-07,2.27673e-06
0.7,2.7727272727272724e-14,2e-10,-40,3.6e-07,2.36408e-06
0.7,2.7727272727272724e-14,2e-10,-25,1.8e-07,2.16819e-06
0.7,2.7727272727272724e-14,2e-10,-25,3.6e-07,2.36598e-06
0.7,2.7727272727272724e-14,2e-10,0,1.8e-07,1.86373e-06
0.7,2.7727272727272724e-14,2e-10,0,3.6e-07,2.35956e-06
0.7,2.7727272727272724e-14,2e-10,25,1.8e-07,1.56543e-06
0.7,2.7727272727272724e-14,2e-10,25,3.6e-07,2.31281e-06
0.7,2.7727272727272724e-14,2e-10,75,1.8e-07,1.14661e-06
0.7,2.7727272727272724e-14,2e-10,75,3.6e-07,2.02515e-06
0.7,2.7727272727272724e-14,2e-10,100,1.8e-07,1.00143e-06
0.7,2.7727272727272724e-14,2e-10,100,3.6e-07,1.83499e-06
0.7,2.7727272727272724e-14,2e-10,125,1.8e-07,8.84695e-07
0.7,2.7727272727272724e-14,2e-10,125,3.6e-07,1.65567e-06
0.7,2.7727272727272724e-14,4e-10,-40,1.8e-07,1.52531e-06
0.7,2.7727272727272724e-14,4e-10,-40,3.6e-07,2.32483e-06
0.7,2.7727272727272724e-14,4e-10,-25,1.8e-07,1.30892e-06
0.7,2.7727272727272724e-14,4e-10,-25,3.6e-07,2.22517e-06
0.7,2.7727272727272724e-14,4e-10,0,1.8e-07,1.04663e-06
0.7,2.7727272727272724e-14,4e-10,0,3.6e-07,1.91704e-06
0.7,2.7727272727272724e-14,4e-10,25,1.8e-07,8.63344e-07
0.7,2.7727272727272724e-14,4e-10,25,3.6e-07,1.62268e-06
0.7,2.7727272727272724e-14,4e-10,75,1.8e-07,6.28492e-07
0.7,2.7727272727272724e-14,4e-10,75,3.6e-07,1.21407e-06
0.7,2.7727272727272724e-14,4e-10,100,1.8e-07,5.50025e-07
0.7,2.7727272727272724e-14,4e-10,100,3.6e-07,1.07186e-06
0.7,2.7727272727272724e-14,4e-10,125,1.8e-07,4.87784e-07
0.7,2.7727272727272724e-14,4e-10,125,3.6e-07,9.57157e-07
0.7,3.218181818181818e-14,1e-11,-40,1.8e-07,2.68296e-06
0.7,3.218181818181818e-14,1e-11,-40,3.6e-07,2.74116e-06
0.7,3.218181818181818e-14,1e-11,-25,1.8e-07,2.64912e-06
0.7,3.218181818181818e-14,1e-11,-25,3.6e-07,2.7435e-06
0.7,3.218181818181818e-14,1e-11,0,1.8e-07,2.46983e-06
0.7,3.218181818181818e-14,1e-11,0,3.6e-07,2.74597e-06
0.7,3.218181818181818e-14,1e-11,25,1.8e-07,2.17383e-06
0.7,3.218181818181818e-14,1e-11,25,3.6e-07,2.73621e-06
0.7,3.218181818181818e-14,1e-11,75,1.8e-07,1.62701e-06
0.7,3.218181818181818e-14,1e-11,75,3.6e-07,2.58792e-06
0.7,3.218181818181818e-14,1e-11,100,1.8e-07,1.42449e-06
0.7,3.218181818181818e-14,1e-11,100,3.6e-07,2.43423e-06
0.7,3.218181818181818e-14,1e-11,125,1.8e-07,1.25965e-06
0.7,3.218181818181818e-14,1e-11,125,3.6e-07,2.2525e-06
0.7,3.218181818181818e-14,5e-11,-40,1.8e-07,2.67308e-06
0.7,3.218181818181818e-14,5e-11,-40,3.6e-07,2.7341e-06
0.7,3.218181818181818e-14,5e-11,-25,1.8e-07,2.62039e-06
0.7,3.218181818181818e-14,5e-11,-25,3.6e-07,2.73616e-06
0.7,3.218181818181818e-14,5e-11,0,1.8e-07,2.39006e-06
0.7,3.218181818181818e-14,5e-11,0,3.6e-07,2.73672e-06
0.7,3.218181818181818e-14,5e-11,25,1.8e-07,2.06665e-06
0.7,3.218181818181818e-14,5e-11,25,3.6e-07,2.7185e-06
0.7,3.218181818181818e-14,5e-11,75,1.8e-07,1.53038e-06
0.7,3.218181818181818e-14,5e-11,75,3.6e-07,2.5218e-06
0.7,3.218181818181818e-14,5e-11,100,1.8e-07,1.33774e-06
0.7,3.218181818181818e-14,5e-11,100,3.6e-07,2.34391e-06
0.7,3.218181818181818e-14,5e-11,125,1.8e-07,1.18171e-06
0.7,3.218181818181818e-14,5e-11,125,3.6e-07,2.14897e-06
0.7,3.218181818181818e-14,1e-10,-40,1.8e-07,2.65586e-06
0.7,3.218181818181818e-14,1e-10,-40,3.6e-07,2.73133e-06
0.7,3.218181818181818e-14,1e-10,-25,1.8e-07,2.56732e-06
0.7,3.218181818181818e-14,1e-10,-25,3.6e-07,2.73328e-06
0.7,3.218181818181818e-14,1e-10,0,1.8e-07,2.26653e-06
0.7,3.218181818181818e-14,1e-10,0,3.6e-07,2.73025e-06
0.7,3.218181818181818e-14,1e-10,25,1.8e-07,1.92299e-06
0.7,3.218181818181818e-14,1e-10,25,3.6e-07,2.6947e-06
0.7,3.218181818181818e-14,1e-10,75,1.8e-07,1.41117e-06
0.7,3.218181818181818e-14,1e-10,75,3.6e-07,2.4232e-06
0.7,3.218181818181818e-14,1e-10,100,1.8e-07,1.2317e-06
0.7,3.218181818181818e-14,1e-10,100,3.6e-07,2.21806e-06
0.7,3.218181818181818e-14,1e-10,125,1.8e-07,1.08702e-06
0.7,3.218181818181818e-14,1e-10,125,3.6e-07,2.01224e-06
0.7,3.218181818181818e-14,2e-10,-40,1.8e-07,2.55193e-06
0.7,3.218181818181818e-14,2e-10,-40,3.6e-07,2.72802e-06
0.7,3.218181818181818e-14,2e-10,-25,1.8e-07,2.33896e-06
0.7,3.218181818181818e-14,2e-10,-25,3.6e-07,2.72771e-06
0.7,3.218181818181818e-14,2e-10,0,1.8e-07,1.93038e-06
0.7,3.218181818181818e-14,2e-10,0,3.6e-07,2.69811e-06
0.7,3.218181818181818e-14,2e-10,25,1.8e-07,1.60293e-06
0.7,3.218181818181818e-14,2e-10,25,3.6e-07,2.58342e-06
0.7,3.218181818181818e-14,2e-10,75,1.8e-07,1.16467e-06
0.7,3.218181818181818e-14,2e-10,75,3.6e-07,2.13141e-06
0.7,3.218181818181818e-14,2e-10,100,1.8e-07,1.01485e-06
0.7,3.218181818181818e-14,2e-10,100,3.6e-07,1.90031e-06
0.7,3.218181818181818e-14,2e-10,125,1.8e-07,8.94942e-07
0.7,3.218181818181818e-14,2e-10,125,3.6e-07,1.7001e-06
0.7,3.218181818181818e-14,4e-10,-40,1.8e-07,1.55568e-06
0.7,3.218181818181818e-14,4e-10,-40,3.6e-07,2.6097e-06
0.7,3.218181818181818e-14,4e-10,-25,1.8e-07,1.33129e-06
0.7,3.218181818181818e-14,4e-10,-25,3.6e-07,2.39316e-06
0.7,3.218181818181818e-14,4e-10,0,1.8e-07,1.06088e-06
0.7,3.218181818181818e-14,4e-10,0,3.6e-07,1.98151e-06
0.7,3.218181818181818e-14,4e-10,25,1.8e-07,8.72959e-07
0.7,3.218181818181818e-14,4e-10,25,3.6e-07,1.66188e-06
0.7,3.218181818181818e-14,4e-10,75,1.8e-07,6.33464e-07
0.7,3.218181818181818e-14,4e-10,75,3.6e-07,1.23392e-06
0.7,3.218181818181818e-14,4e-10,100,1.8e-07,5.53774e-07
0.7,3.218181818181818e-14,4e-10,100,3.6e-07,1.0868e-06
0.7,3.218181818181818e-14,4e-10,125,1.8e-07,4.90694e-07
0.7,3.218181818181818e-14,4e-10,125,3.6e-07,9.68826e-07
0.7,3.6636363636363636e-14,1e-11,-40,1.8e-07,3.02804e-06
0.7,3.6636363636363636e-14,1e-11,-40,3.6e-07,3.10483e-06
0.7,3.6636363636363636e-14,1e-11,-25,1.8e-07,2.94465e-06
0.7,3.6636363636363636e-14,1e-11,-25,3.6e-07,3.10699e-06
0.7,3.6636363636363636e-14,1e-11,0,1.8e-07,2.63498e-06
0.7,3.6636363636363636e-14,1e-11,0,3.6e-07,3.10539e-06
0.7,3.6636363636363636e-14,1e-11,25,1.8e-07,2.25184e-06
0.7,3.6636363636363636e-14,1e-11,25,3.6e-07,3.07338e-06
0.7,3.6636363636363636e-14,1e-11,75,1.8e-07,1.65664e-06
0.7,3.6636363636363636e-14,1e-11,75,3.6e-07,2.79866e-06
0.7,3.6636363636363636e-14,1e-11,100,1.8e-07,1.446e-06
0.7,3.6636363636363636e-14,1e-11,100,3.6e-07,2.5767e-06
0.7,3.6636363636363636e-14,1e-11,125,1.8e-07,1.27589e-06
0.7,3.6636363636363636e-14,1e-11,125,3.6e-07,2.34634e-06
0.7,3.6636363636363636e-14,5e-11,-40,1.8e-07,3.00644e-06
0.7,3.6636363636363636e-14,5e-11,-40,3.6e-07,3.09788e-06
0.7,3.6636363636363636e-14,5e-11,-25,1.8e-07,2.88772e-06
0.7,3.6636363636363636e-14,5e-11,-25,3.6e-07,3.09956e-06
0.7,3.6636363636363636e-14,5e-11,0,1.8e-07,2.52121e-06
0.7,3.6636363636363636e-14,5e-11,0,3.6e-07,3.09315e-06
0.7,3.6636363636363636e-14,5e-11,25,1.8e-07,2.1281e-06
0.7,3.6636363636363636e-14,5e-11,25,3.6e-07,3.04264e-06
0.7,3.6636363636363636e-14,5e-11,75,1.8e-07,1.55596e-06
0.7,3.6636363636363636e-14,5e-11,75,3.6e-07,2.70156e-06
0.7,3.6636363636363636e-14,5e-11,100,1.8e-07,1.35648e-06
0.7,3.6636363636363636e-14,5e-11,100,3.6e-07,2.46011e-06
0.7,3.6636363636363636e-14,5e-11,125,1.8e-07,1.19592e-06
0.7,3.6636363636363636e-14,5e-11,125,3.6e-07,2.22434e-06
0.7,3.6636363636363636e-14,1e-10,-40,1.8e-07,2.96428e-06
0.7,3.6636363636363636e-14,1e-10,-40,3.6e-07,3.09518e-06
0.7,3.6636363636363636e-14,1e-10,-25,1.8e-07,2.78738e-06
0.7,3.6636363636363636e-14,1e-10,-25,3.6e-07,3.0961e-06
0.7,3.6636363636363636e-14,1e-10,0,1.8e-07,2.35897e-06
0.7,3.6636363636363636e-14,1e-10,0,3.6e-07,3.0794e-06
0.7,3.6636363636363636e-14,1e-10,25,1.8e-07,1.96925e-06
0.7,3.6636363636363636e-14,1e-10,25,3.6e-07,2.99436e-06
0.7,3.6636363636363636e-14,1e-10,75,1.8e-07,1.43231e-06
0.7,3.6636363636363636e-14,1e-10,75,3.6e-07,2.56244e-06
0.7,3.6636363636363636e-14,1e-10,100,1.8e-07,1.24732e-06
0.7,3.6636363636363636e-14,1e-10,100,3.6e-07,2.30424e-06
0.7,3.6636363636363636e-14,1e-10,125,1.8e-07,1.0989e-06
0.7,3.6636363636363636e-14,1e-10,125,3.6e-07,2.06858e-06
0.7,3.6636363636363636e-14,2e-10,-40,1.8e-07,2.75118e-06
0.7,3.6636363636363636e-14,2e-10,-40,3.6e-07,3.09108e-06
0.7,3.6636363636363636e-14,2e-10,-25,1.8e-07,2.43994e-06
0.7,3.6636363636363636e-14,2e-10,-25,3.6e-07,3.08401e-06
0.7,3.6636363636363636e-14,2e-10,0,1.8e-07,1.97479e-06
0.7,3.6636363636363636e-14,2e-10,0,3.6e-07,3.00572e-06
0.7,3.6636363636363636e-14,2e-10,25,1.8e-07,1.63081e-06
0.7,3.6636363636363636e-14,2e-10,25,3.6e-07,2.79285e-06
0.7,3.6636363636363636e-14,2e-10,75,1.8e-07,1.17848e-06
0.7,3.6636363636363636e-14,2e-10,75,3.6e-07,2.19948e-06
0.7,3.6636363636363636e-14,2e-10,100,1.8e-07,1.02514e-06
0.7,3.6636363636363636e-14,2e-10,100,3.6e-07,1.94471e-06
0.7,3.6636363636363636e-14,2e-10,125,1.8e-07,9.02802e-07
0.7,3.6636363636363636e-14,2e-10,125,3.6e-07,1.73239e-06
0.7,3.6636363636363636e-14,4e-10,-40,1.8e-07,1.57854e-06
0.7,3.6636363636363636e-14,4e-10,-40,3.6e-07,2.80938e-06
0.7,3.6636363636363636e-14,4e-10,-25,1.8e-07,1.34828e-06
0.7,3.6636363636363636e-14,4e-10,-25,3.6e-07,2.48586e-06
0.7,3.6636363636363636e-14,4e-10,0,1.8e-07,1.07175e-06
0.7,3.6636363636363636e-14,4e-10,0,3.6e-07,2.02692e-06
0.7,3.6636363636363636e-14,4e-10,25,1.8e-07,8.80296e-07
0.7,3.6636363636363636e-14,4e-10,25,3.6e-07,1.69153e-06
0.7,3.6636363636363636e-14,4e-10,75,1.8e-07,6.37276e-07
0.7,3.6636363636363636e-14,4e-10,75,3.6e-07,1.24919e-06
0.7,3.6636363636363636e-14,4e-10,100,1.8e-07,5.56655e-07
0.7,3.6636363636363636e-14,4e-10,100,3.6e-07,1.09844e-06
0.7,3.6636363636363636e-14,4e-10,125,1.8e-07,4.92952e-07
0.7,3.6636363636363636e-14,4e-10,125,3.6e-07,9.77852e-07
0.7,4.109090909090909e-14,1e-11,-40,1.8e-07,3.34948e-06
0.7,4.109090909090909e-14,1e-11,-40,3.6e-07,3.46848e-06
0.7,4.109090909090909e-14,1e-11,-25,1.8e-07,3.18836e-06
0.7,4.109090909090909e-14,1e-11,-25,3.6e-07,3.46998e-06
0.7,4.109090909090909e-14,1e-11,0,1.8e-07,2.74534e-06
0.7,4.109090909090909e-14,1e-11,0,3.6e-07,3.45822e-06
0.7,4.109090909090909e-14,1e-11,25,1.8e-07,2.30443e-06
0.7,4.109090909090909e-14,1e-11,25,3.6e-07,3.3858e-06
0.7,4.109090909090909e-14,1e-11,75,1.8e-07,1.67962e-06
0.7,4.109090909090909e-14,1e-11,75,3.6e-07,2.95705e-06
0.7,4.109090909090909e-14,1e-11,100,1.8e-07,1.4629e-06
0.7,4.109090909090909e-14,1e-11,100,3.6e-07,2.67656e-06
0.7,4.109090909090909e-14,1e-11,125,1.8e-07,1.2887e-06
0.7,4.109090909090909e-14,1e-11,125,3.6e-07,2.41119e-06
0.7,4.109090909090909e-14,5e-11,-40,1.8e-07,3.30584e-06
0.7,4.109090909090909e-14,5e-11,-40,3.6e-07,3.46157e-06
0.7,4.109090909090909e-14,5e-11,-25,1.8e-07,3.09434e-06
0.7,4.109090909090909e-14,5e-11,-25,3.6e-07,3.46193e-06
0.7,4.109090909090909e-14,5e-11,0,1.8e-07,2.60606e-06
0.7,4.109090909090909e-14,5e-11,0,3.6e-07,3.43932e-06
0.7,4.109090909090909e-14,5e-11,25,1.8e-07,2.17142e-06
0.7,4.109090909090909e-14,5e-11,25,3.6e-07,3.33395e-06
0.7,4.109090909090909e-14,5e-11,75,1.8e-07,1.57597e-06
0.7,4.109090909090909e-14,5e-11,75,3.6e-07,2.83104e-06
0.7,4.109090909090909e-14,5e-11,100,1.8e-07,1.37126e-06
0.7,4.109090909090909e-14,5e-11,100,3.6e-07,2.53996e-06
0.7,4.109090909090909e-14,5e-11,125,1.8e-07,1.20715e-06
0.7,4.109090909090909e-14,5e-11,125,3.6e-07,2.2764e-06
0.7,4.109090909090909e-14,1e-10,-40,1.8e-07,3.22236e-06
0.7,4.109090909090909e-14,1e-10,-40,3.6e-07,3.45872e-06
0.7,4.109090909090909e-14,1e-10,-25,1.8e-07,2.94109e-06
0.7,4.109090909090909e-14,1e-10,-25,3.6e-07,3.45666e-06
0.7,4.109090909090909e-14,1e-10,0,1.8e-07,2.4189e-06
0.7,4.109090909090909e-14,1e-10,0,3.6e-07,3.41117e-06
0.7,4.109090909090909e-14,1e-10,25,1.8e-07,2.00381e-06
0.7,4.109090909090909e-14,1e-10,25,3.6e-07,3.25012e-06
0.7,4.109090909090909e-14,1e-10,75,1.8e-07,1.44896e-06
0.7,4.109090909090909e-14,1e-10,75,3.6e-07,2.65821e-06
0.7,4.109090909090909e-14,1e-10,100,1.8e-07,1.25967e-06
0.7,4.109090909090909e-14,1e-10,100,3.6e-07,2.36347e-06
0.7,4.109090909090909e-14,1e-10,125,1.8e-07,1.10831e-06
0.7,4.109090909090909e-14,1e-10,125,3.6e-07,2.10916e-06
0.7,4.109090909090909e-14,2e-10,-40,1.8e-07,2.87763e-06
0.7,4.109090909090909e-14,2e-10,-40,3.6e-07,3.45177e-06
0.7,4.109090909090909e-14,2e-10,-25,1.8e-07,2.503e-06
0.7,4.109090909090909e-14,2e-10,-25,3.6e-07,3.42882e-06
0.7,4.109090909090909e-14,2e-10,0,1.8e-07,2.00842e-06
0.7,4.109090909090909e-14,2e-10,0,3.6e-07,3.26929e-06
0.7,4.109090909090909e-14,2e-10,25,1.8e-07,1.65261e-06
0.7,4.109090909090909e-14,2e-10,25,3.6e-07,2.94361e-06
0.7,4.109090909090909e-14,2e-10,75,1.8e-07,1.1894e-06
0.7,4.109090909090909e-14,2e-10,75,3.6e-07,2.24741e-06
0.7,4.109090909090909e-14,2e-10,100,1.8e-07,1.03327e-06
0.7,4.109090909090909e-14,2e-10,100,3.6e-07,1.97827e-06
0.7,4.109090909090909e-14,2e-10,125,1.8e-07,9.09033e-07
0.7,4.109090909090909e-14,2e-10,125,3.6e-07,1.75751e-06
0.7,4.109090909090909e-14,4e-10,-40,1.8e-07,1.59642e-06
0.7,4.109090909090909e-14,4e-10,-40,3.6e-07,2.92499e-06
0.7,4.109090909090909e-14,4e-10,-25,1.8e-07,1.36162e-06
0.7,4.109090909090909e-14,4e-10,-25,3.6e-07,2.54641e-06
0.7,4.109090909090909e-14,4e-10,0,1.8e-07,1.08031e-06
0.7,4.109090909090909e-14,4e-10,0,3.6e-07,2.062e-06
0.7,4.109090909090909e-14,4e-10,25,1.8e-07,8.86093e-07
0.7,4.109090909090909e-14,4e-10,25,3.6e-07,1.71491e-06
0.7,4.109090909090909e-14,4e-10,75,1.8e-07,6.40296e-07
0.7,4.109090909090909e-14,4e-10,75,3.6e-07,1.26132e-06
0.7,4.109090909090909e-14,4e-10,100,1.8e-07,5.58953e-07
0.7,4.109090909090909e-14,4e-10,100,3.6e-07,1.10767e-06
0.7,4.109090909090909e-14,4e-10,125,1.8e-07,4.94784e-07
0.7,4.109090909090909e-14,4e-10,125,3.6e-07,9.85084e-07
0.7,4.5545454545454544e-14,1e-11,-40,1.8e-07,3.63405e-06
0.7,4.5545454545454544e-14,1e-11,-40,3.6e-07,3.83198e-06
0.7,4.5545454545454544e-14,1e-11,-25,1.8e-07,3.37495e-06
0.7,4.5545454545454544e-14,1e-11,-25,3.6e-07,3.83168e-06
0.7,4.5545454545454544e-14,1e-11,0,1.8e-07,2.81997e-06
0.7,4.5545454545454544e-14,1e-11,0,3.6e-07,3.79932e-06
0.7,4.5545454545454544e-14,1e-11,25,1.8e-07,2.34413e-06
0.7,4.5545454545454544e-14,1e-11,25,3.6e-07,3.66376e-06
0.7,4.5545454545454544e-14,1e-11,75,1.8e-07,1.69814e-06
0.7,4.5545454545454544e-14,1e-11,75,3.6e-07,3.07304e-06
0.7,4.5545454545454544e-14,1e-11,100,1.8e-07,1.47659e-06
0.7,4.5545454545454544e-14,1e-11,100,3.6e-07,2.74794e-06
0.7,4.5545454545454544e-14,1e-11,125,1.8e-07,1.2991e-06
0.7,4.5545454545454544e-14,1e-11,125,3.6e-07,2.45833e-06
0.7,4.5545454545454544e-14,5e-11,-40,1.8e-07,3.55754e-06
0.7,4.5545454545454544e-14,5e-11,-40,3.6e-07,3.82493e-06
0.7,4.5545454545454544e-14,5e-11,-25,1.8e-07,3.24222e-06
0.7,4.5545454545454544e-14,5e-11,-25,3.6e-07,3.82195e-06
0.7,4.5545454545454544e-14,5e-11,0,1.8e-07,2.66442e-06
0.7,4.5545454545454544e-14,5e-11,0,3.6e-07,3.76836e-06
0.7,4.5545454545454544e-14,5e-11,25,1.8e-07,2.20502e-06
0.7,4.5545454545454544e-14,5e-11,25,3.6e-07,3.58435e-06
0.7,4.5545454545454544e-14,5e-11,75,1.8e-07,1.59214e-06
0.7,4.5545454545454544e-14,5e-11,75,3.6e-07,2.92352e-06
0.7,4.5545454545454544e-14,5e-11,100,1.8e-07,1.38323e-06
0.7,4.5545454545454544e-14,5e-11,100,3.6e-07,2.59726e-06
0.7,4.5545454545454544e-14,5e-11,125,1.8e-07,1.21628e-06
0.7,4.5545454545454544e-14,5e-11,125,3.6e-07,2.31613e-06
0.7,4.5545454545454544e-14,1e-10,-40,1.8e-07,3.41994e-06
0.7,4.5545454545454544e-14,1e-10,-40,3.6e-07,3.82146e-06
0.7,4.5545454545454544e-14,1e-10,-25,1.8e-07,3.04255e-06
0.7,4.5545454545454544e-14,1e-10,-25,3.6e-07,3.81228e-06
0.7,4.5545454545454544e-14,1e-10,0,1.8e-07,2.46335e-06
0.7,4.5545454545454544e-14,1e-10,0,3.6e-07,3.71648e-06
0.7,4.5545454545454544e-14,1e-10,25,1.8e-07,2.03123e-06
0.7,4.5545454545454544e-14,1e-10,25,3.6e-07,3.45724e-06
0.7,4.5545454545454544e-14,1e-10,75,1.8e-07,1.46244e-06
0.7,4.5545454545454544e-14,1e-10,75,3.6e-07,2.72609e-06
0.7,4.5545454545454544e-14,1e-10,100,1.8e-07,1.26968e-06
0.7,4.5545454545454544e-14,1e-10,100,3.6e-07,2.40728e-06
0.7,4.5545454545454544e-14,1e-10,125,1.8e-07,1.11595e-06
0.7,4.5545454545454544e-14,1e-10,125,3.6e-07,2.14079e-06
0.7,4.5545454545454544e-14,2e-10,-40,1.8e-07,2.95591e-06
0.7,4.5545454545454544e-14,2e-10,-40,3.6e-07,3.80722e-06
0.7,4.5545454545454544e-14,2e-10,-25,1.8e-07,2.54835e-06
0.7,4.5545454545454544e-14,2e-10,-25,3.6e-07,3.75376e-06
0.7,4.5545454545454544e-14,2e-10,0,1.8e-07,2.03515e-06
0.7,4.5545454545454544e-14,2e-10,0,3.6e-07,3.48128e-06
0.7,4.5545454545454544e-14,2e-10,25,1.8e-07,1.67022e-06
0.7,4.5545454545454544e-14,2e-10,25,3.6e-07,3.04894e-06
0.7,4.5545454545454544e-14,2e-10,75,1.8e-07,1.19826e-06
0.7,4.5545454545454544e-14,2e-10,75,3.6e-07,2.28438e-06
0.7,4.5545454545454544e-14,2e-10,100,1.8e-07,1.03989e-06
0.7,4.5545454545454544e-14,2e-10,100,3.6e-07,2.00503e-06
0.7,4.5545454545454544e-14,2e-10,125,1.8e-07,9.14107e-07
0.7,4.5545454545454544e-14,2e-10,125,3.6e-07,1.77782e-06
0.7,4.5545454545454544e-14,4e-10,-40,1.8e-07,1.61081e-06
0.7,4.5545454545454544e-14,4e-10,-40,3.6e-07,2.99689e-06
0.7,4.5545454545454544e-14,4e-10,-25,1.8e-07,1.37239e-06
0.7,4.5545454545454544e-14,4e-10,-25,3.6e-07,2.59237e-06
0.7,4.5545454545454544e-14,4e-10,0,1.8e-07,1.08724e-06
0.7,4.5545454545454544e-14,4e-10,0,3.6e-07,2.09022e-06
0.7,4.5545454545454544e-14,4e-10,25,1.8e-07,8.9078e-07
0.7,4.5545454545454544e-14,4e-10,25,3.6e-07,1.73388e-06
0.7,4.5545454545454544e-14,4e-10,75,1.8e-07,6.42756e-07
0.7,4.5545454545454544e-14,4e-10,75,3.6e-07,1.27122e-06
0.7,4.5545454545454544e-14,4e-10,100,1.8e-07,5.60857e-07
0.7,4.5545454545454544e-14,4e-10,100,3.6e-07,1.11524e-06
0.7,4.5545454545454544e-14,4e-10,125,1.8e-07,4.96292e-07
0.7,4.5545454545454544e-14,4e-10,125,3.6e-07,9.91045e-07
0.7,5e-14,1e-11,-40,1.8e-07,3.87166e-06
0.7,5e-14,1e-11,-40,3.6e-07,4.19512e-06
0.7,5e-14,1e-11,-25,1.8e-07,3.50987e-06
0.7,5e-14,1e-11,-25,3.6e-07,4.19062e-06
0.7,5e-14,1e-11,0,1.8e-07,2.87345e-06
0.7,5e-14,1e-11,0,3.6e-07,4.12275e-06
0.7,5e-14,1e-11,25,1.8e-07,2.37581e-06
0.7,5e-14,1e-11,25,3.6e-07,3.90266e-06
0.7,5e-14,1e-11,75,1.8e-07,1.71343e-06
0.7,5e-14,1e-11,75,3.6e-07,3.15824e-06
0.7,5e-14,1e-11,100,1.8e-07,1.48791e-06
0.7,5e-14,1e-11,100,3.6e-07,2.80113e-06
0.7,5e-14,1e-11,125,1.8e-07,1.30772e-06
0.7,5e-14,1e-11,125,3.6e-07,2.49542e-06
0.7,5e-14,5e-11,-40,1.8e-07,3.75453e-06
0.7,5e-14,5e-11,-40,3.6e-07,4.18753e-06
0.7,5e-14,5e-11,-25,1.8e-07,3.34423e-06
0.7,5e-14,5e-11,-25,3.6e-07,4.17736e-06
0.7,5e-14,5e-11,0,1.8e-07,2.70834e-06
0.7,5e-14,5e-11,0,3.6e-07,4.07286e-06
0.7,5e-14,5e-11,25,1.8e-07,2.23228e-06
0.7,5e-14,5e-11,25,3.6e-07,3.7907e-06
0.7,5e-14,5e-11,75,1.8e-07,1.6055e-06
0.7,5e-14,5e-11,75,3.6e-07,2.99124e-06
0.7,5e-14,5e-11,100,1.8e-07,1.39315e-06
0.7,5e-14,5e-11,100,3.6e-07,2.64087e-06
0.7,5e-14,5e-11,125,1.8e-07,1.22384e-06
0.7,5e-14,5e-11,125,3.6e-07,2.34754e-06
0.7,5e-14,1e-10,-40,1.8e-07,3.55981e-06
0.7,5e-14,1e-10,-40,3.6e-07,4.18241e-06
0.7,5e-14,1e-10,-25,1.8e-07,3.11161e-06
0.7,5e-14,1e-10,-25,3.6e-07,4.15896e-06
0.7,5e-14,1e-10,0,1.8e-07,2.4983e-06
0.7,5e-14,1e-10,0,3.6e-07,3.98726e-06
0.7,5e-14,1e-10,25,1.8e-07,2.05367e-06
0.7,5e-14,1e-10,25,3.6e-07,3.618e-06
0.7,5e-14,1e-10,75,1.8e-07,1.4736e-06
0.7,5e-14,1e-10,75,3.6e-07,2.77672e-06
0.7,5e-14,1e-10,100,1.8e-07,1.27798e-06
0.7,5e-14,1e-10,100,3.6e-07,2.44201e-06
0.7,5e-14,1e-10,125,1.8e-07,1.12229e-06
0.7,5e-14,1e-10,125,3.6e-07,2.16656e-06
0.7,5e-14,2e-10,-40,1.8e-07,3.00983e-06
0.7,5e-14,2e-10,-40,3.6e-07,4.15283e-06
0.7,5e-14,2e-10,-25,1.8e-07,2.58425e-06
0.7,5e-14,2e-10,-25,3.6e-07,4.04943e-06
0.7,5e-14,2e-10,0,1.8e-07,2.05707e-06
0.7,5e-14,2e-10,0,3.6e-07,3.64263e-06
0.7,5e-14,2e-10,25,1.8e-07,1.68477e-06
0.7,5e-14,2e-10,25,3.6e-07,3.12384e-06
0.7,5e-14,2e-10,75,1.8e-07,1.20559e-06
0.7,5e-14,2e-10,75,3.6e-07,2.31445e-06
0.7,5e-14,2e-10,100,1.8e-07,1.04537e-06
0.7,5e-14,2e-10,100,3.6e-07,2.02711e-06
0.7,5e-14,2e-10,125,1.8e-07,9.18321e-07
0.7,5e-14,2e-10,125,3.6e-07,1.79467e-06
0.7,5e-14,4e-10,-40,1.8e-07,1.62264e-06
0.7,5e-14,4e-10,-40,3.6e-07,3.04995e-06
0.7,5e-14,4e-10,-25,1.8e-07,1.38127e-06
0.7,5e-14,4e-10,-25,3.6e-07,2.62945e-06
0.7,5e-14,4e-10,0,1.8e-07,1.09296e-06
0.7,5e-14,4e-10,0,3.6e-07,2.1135e-06
0.7,5e-14,4e-10,25,1.8e-07,8.94657e-07
0.7,5e-14,4e-10,25,3.6e-07,1.7496e-06
0.7,5e-14,4e-10,75,1.8e-07,6.44815e-07
0.7,5e-14,4e-10,75,3.6e-07,1.27948e-06
0.7,5e-14,4e-10,100,1.8e-07,5.62461e-07
0.7,5e-14,4e-10,100,3.6e-07,1.12157e-06
0.7,5e-14,4e-10,125,1.8e-07,4.97596e-07
0.7,5e-14,4e-10,125,3.6e-07,9.96064e-07
0.7999999999999999,1e-15,1e-11,-40,1.8e-07,1.89165e-07
0.7999999999999999,1e-15,1e-11,-40,3.6e-07,2.54568e-07
0.7999999999999999,1e-15,1e-11,-25,1.8e-07,1.9138e-07
0.7999999999999999,1e-15,1e-11,-25,3.6e-07,2.58973e-07
0.7999999999999999,1e-15,1e-11,0,1.8e-07,1.94635e-07
0.7999999999999999,1e-15,1e-11,0,3.6e-07,2.65461e-07
0.7999999999999999,1e-15,1e-11,25,1.8e-07,1.97695e-07
0.7999999999999999,1e-15,1e-11,25,3.6e-07,2.71562e-07
0.7999999999999999,1e-15,1e-11,75,1.8e-07,2.03566e-07
0.7999999999999999,1e-15,1e-11,75,3.6e-07,2.82939e-07
0.7999999999999999,1e-15,1e-11,100,1.8e-07,2.06341e-07
0.7999999999999999,1e-15,1e-11,100,3.6e-07,2.88222e-07
0.7999999999999999,1e-15,1e-11,125,1.8e-07,2.08839e-07
0.7999999999999999,1e-15,1e-11,125,3.6e-07,2.9296e-07
0.7999999999999999,1e-15,5e-11,-40,1.8e-07,1.79301e-07
0.7999999999999999,1e-15,5e-11,-40,3.6e-07,2.35519e-07
0.7999999999999999,1e-15,5e-11,-25,1.8e-07,1.81421e-07
0.7999999999999999,1e-15,5e-11,-25,3.6e-07,2.39469e-07
0.7999999999999999,1e-15,5e-11,0,1.8e-07,1.84731e-07
0.7999999999999999,1e-15,5e-11,0,3.6e-07,2.45447e-07
0.7999999999999999,1e-15,5e-11,25,1.8e-07,1.87912e-07
0.7999999999999999,1e-15,5e-11,25,3.6e-07,2.51303e-07
0.7999999999999999,1e-15,5e-11,75,1.8e-07,1.93901e-07
0.7999999999999999,1e-15,5e-11,75,3.6e-07,2.62618e-07
0.7999999999999999,1e-15,5e-11,100,1.8e-07,1.967e-07
0.7999999999999999,1e-15,5e-11,100,3.6e-07,2.67981e-07
0.7999999999999999,1e-15,5e-11,125,1.8e-07,1.99254e-07
0.7999999999999999,1e-15,5e-11,125,3.6e-07,2.72882e-07
0.7999999999999999,1e-15,1e-10,-40,1.8e-07,1.77267e-07
0.7999999999999999,1e-15,1e-10,-40,3.6e-07,2.3248e-07
0.7999999999999999,1e-15,1e-10,-25,1.8e-07,1.78959e-07
0.7999999999999999,1e-15,1e-10,-25,3.6e-07,2.35326e-07
0.7999999999999999,1e-15,1e-10,0,1.8e-07,1.81798e-07
0.7999999999999999,1e-15,1e-10,0,3.6e-07,2.40309e-07
0.7999999999999999,1e-15,1e-10,25,1.8e-07,1.84667e-07
0.7999999999999999,1e-15,1e-10,25,3.6e-07,2.45428e-07
0.7999999999999999,1e-15,1e-10,75,1.8e-07,1.90263e-07
0.7999999999999999,1e-15,1e-10,75,3.6e-07,2.55573e-07
0.7999999999999999,1e-15,1e-10,100,1.8e-07,1.92956e-07
0.7999999999999999,1e-15,1e-10,100,3.6e-07,2.60507e-07
0.7999999999999999,1e-15,1e-10,125,1.8e-07,1.95406e-07
0.7999999999999999,1e-15,1e-10,125,3.6e-07,2.64983e-07
0.7999999999999999,1e-15,2e-10,-40,1.8e-07,1.7809e-07
0.7999999999999999,1e-15,2e-10,-40,3.6e-07,2.33655e-07
0.7999999999999999,1e-15,2e-10,-25,1.8e-07,1.79034e-07
0.7999999999999999,1e-15,2e-10,-25,3.6e-07,2.35432e-07
0.7999999999999999,1e-15,2e-10,0,1.8e-07,1.81153e-07
0.7999999999999999,1e-15,2e-10,0,3.6e-07,2.39238e-07
0.7999999999999999,1e-15,2e-10,25,1.8e-07,1.83474e-07
0.7999999999999999,1e-15,2e-10,25,3.6e-07,2.43468e-07
0.7999999999999999,1e-15,2e-10,75,1.8e-07,1.88373e-07
0.7999999999999999,1e-15,2e-10,75,3.6e-07,2.52195e-07
0.7999999999999999,1e-15,2e-10,100,1.8e-07,1.90804e-07
0.7999999999999999,1e-15,2e-10,100,3.6e-07,2.56439e-07
0.7999999999999999,1e-15,2e-10,125,1.8e-07,1.93015e-07
0.7999999999999999,1e-15,2e-10,125,3.6e-07,2.60381e-07
0.7999999999999999,1e-15,4e-10,-40,1.8e-07,1.84114e-07
0.7999999999999999,1e-15,4e-10,-40,3.6e-07,2.4259e-07
0.7999999999999999,1e-15,4e-10,-25,1.8e-07,1.83686e-07
0.7999999999999999,1e-15,4e-10,-25,3.6e-07,2.42346e-07
0.7999999999999999,1e-15,4e-10,0,1.8e-07,1.84628e-07
0.7999999999999999,1e-15,4e-10,0,3.6e-07,2.444e-07
0.7999999999999999,1e-15,4e-10,25,1.8e-07,1.86286e-07
0.7999999999999999,1e-15,4e-10,25,3.6e-07,2.47579e-07
0.7999999999999999,1e-15,4e-10,75,1.8e-07,1.90289e-07
0.7999999999999999,1e-15,4e-10,75,3.6e-07,2.54822e-07
0.7999999999999999,1e-15,4e-10,100,1.8e-07,1.92309e-07
0.7999999999999999,1e-15,4e-10,100,3.6e-07,2.58471e-07
0.7999999999999999,1e-15,4e-10,125,1.8e-07,1.94175e-07
0.7999999999999999,1e-15,4e-10,125,3.6e-07,2.61865e-07
0.7999999999999999,5.454545454545455e-15,1e-11,-40,1.8e-07,6.66744e-07
0.7999999999999999,5.454545454545455e-15,1e-11,-40,3.6e-07,7.34899e-07
0.7999999999999999,5.454545454545455e-15,1e-11,-25,1.8e-07,6.68603e-07
0.7999999999999999,5.454545454545455e-15,1e-11,-25,3.6e-07,7.38488e-07
0.7999999999999999,5.454545454545455e-15,1e-11,0,1.8e-07,6.71262e-07
0.7999999999999999,5.454545454545455e-15,1e-11,0,3.6e-07,7.43921e-07
0.7999999999999999,5.454545454545455e-15,1e-11,25,1.8e-07,6.73957e-07
0.7999999999999999,5.454545454545455e-15,1e-11,25,3.6e-07,7.49283e-07
0.7999999999999999,5.454545454545455e-15,1e-11,75,1.8e-07,6.79257e-07
0.7999999999999999,5.454545454545455e-15,1e-11,75,3.6e-07,7.59484e-07
0.7999999999999999,5.454545454545455e-15,1e-11,100,1.8e-07,6.8171e-07
0.7999999999999999,5.454545454545455e-15,1e-11,100,3.6e-07,7.6429e-07
0.7999999999999999,5.454545454545455e-15,1e-11,125,1.8e-07,6.83899e-07
0.7999999999999999,5.454545454545455e-15,1e-11,125,3.6e-07,7.68568e-07
0.7999999999999999,5.454545454545455e-15,5e-11,-40,1.8e-07,6.59219e-07
0.7999999999999999,5.454545454545455e-15,5e-11,-40,3.6e-07,7.1839e-07
0.7999999999999999,5.454545454545455e-15,5e-11,-25,1.8e-07,6.61283e-07
0.7999999999999999,5.454545454545455e-15,5e-11,-25,3.6e-07,7.22438e-07
0.7999999999999999,5.454545454545455e-15,5e-11,0,1.8e-07,6.64218e-07
0.7999999999999999,5.454545454545455e-15,5e-11,0,3.6e-07,7.28495e-07
0.7999999999999999,5.454545454545455e-15,5e-11,25,1.8e-07,6.66969e-07
0.7999999999999999,5.454545454545455e-15,5e-11,25,3.6e-07,7.34103e-07
0.7999999999999999,5.454545454545455e-15,5e-11,75,1.8e-07,6.72081e-07
0.7999999999999999,5.454545454545455e-15,5e-11,75,3.6e-07,7.44213e-07
0.7999999999999999,5.454545454545455e-15,5e-11,100,1.8e-07,6.74427e-07
0.7999999999999999,5.454545454545455e-15,5e-11,100,3.6e-07,7.48883e-07
0.7999999999999999,5.454545454545455e-15,5e-11,125,1.8e-07,6.76515e-07
0.7999999999999999,5.454545454545455e-15,5e-11,125,3.6e-07,7.53113e-07
0.7999999999999999,5.454545454545455e-15,1e-10,-40,1.8e-07,6.55881e-07
0.7999999999999999,5.454545454545455e-15,1e-10,-40,3.6e-07,7.11976e-07
0.7999999999999999,5.454545454545455e-15,1e-10,-25,1.8e-07,6.58063e-07
0.7999999999999999,5.454545454545455e-15,1e-10,-25,3.6e-07,7.15814e-07
0.7999999999999999,5.454545454545455e-15,1e-10,0,1.8e-07,6.61174e-07
0.7999999999999999,5.454545454545455e-15,1e-10,0,3.6e-07,7.21848e-07
0.7999999999999999,5.454545454545455e-15,1e-10,25,1.8e-07,6.64023e-07
0.7999999999999999,5.454545454545455e-15,1e-10,25,3.6e-07,7.27571e-07
0.7999999999999999,5.454545454545455e-15,1e-10,75,1.8e-07,6.69155e-07
0.7999999999999999,5.454545454545455e-15,1e-10,75,3.6e-07,7.37832e-07
0.7999999999999999,5.454545454545455e-15,1e-10,100,1.8e-07,6.71487e-07
0.7999999999999999,5.454545454545455e-15,1e-10,100,3.6e-07,7.42445e-07
0.7999999999999999,5.454545454545455e-15,1e-10,125,1.8e-07,6.73429e-07
0.7999999999999999,5.454545454545455e-15,1e-10,125,3.6e-07,7.4656e-07
0.7999999999999999,5.454545454545455e-15,2e-10,-40,1.8e-07,6.5377e-07
0.7999999999999999,5.454545454545455e-15,2e-10,-40,3.6e-07,7.08503e-07
0.7999999999999999,5.454545454545455e-15,2e-10,-25,1.8e-07,6.55648e-07
0.7999999999999999,5.454545454545455e-15,2e-10,-25,3.6e-07,7.11462e-07
0.7999999999999999,5.454545454545455e-15,2e-10,0,1.8e-07,6.58509e-07
0.7999999999999999,5.454545454545455e-15,2e-10,0,3.6e-07,7.16792e-07
0.7999999999999999,5.454545454545455e-15,2e-10,25,1.8e-07,6.61294e-07
0.7999999999999999,5.454545454545455e-15,2e-10,25,3.6e-07,7.22021e-07
0.7999999999999999,5.454545454545455e-15,2e-10,75,1.8e-07,6.66375e-07
0.7999999999999999,5.454545454545455e-15,2e-10,75,3.6e-07,7.31808e-07
0.7999999999999999,5.454545454545455e-15,2e-10,100,1.8e-07,6.68526e-07
0.7999999999999999,5.454545454545455e-15,2e-10,100,3.6e-07,7.36297e-07
0.7999999999999999,5.454545454545455e-15,2e-10,125,1.8e-07,6.7002e-07
0.7999999999999999,5.454545454545455e-15,2e-10,125,3.6e-07,7.40304e-07
0.7999999999999999,5.454545454545455e-15,4e-10,-40,1.8e-07,6.54679e-07
0.7999999999999999,5.454545454545455e-15,4e-10,-40,3.6e-07,7.10509e-07
0.7999999999999999,5.454545454545455e-15,4e-10,-25,1.8e-07,6.55474e-07
0.7999999999999999,5.454545454545455e-15,4e-10,-25,3.6e-07,7.11698e-07
0.7999999999999999,5.454545454545455e-15,4e-10,0,1.8e-07,6.57493e-07
0.7999999999999999,5.454545454545455e-15,4e-10,0,3.6e-07,7.15199e-07
0.7999999999999999,5.454545454545455e-15,4e-10,25,1.8e-07,6.59732e-07
0.7999999999999999,5.454545454545455e-15,4e-10,25,3.6e-07,7.19418e-07
0.7999999999999999,5.454545454545455e-15,4e-10,75,1.8e-07,6.61041e-07
0.7999999999999999,5.454545454545455e-15,4e-10,75,3.6e-07,7.27849e-07
0.7999999999999999,5.454545454545455e-15,4e-10,100,1.8e-07,6.56081e-07
0.7999999999999999,5.454545454545455e-15,4e-10,100,3.6e-07,7.31878e-07
0.7999999999999999,5.454545454545455e-15,4e-10,125,1.8e-07,6.44423e-07
0.7999999999999999,5.454545454545455e-15,4e-10,125,3.6e-07,7.35299e-07
0.7999999999999999,9.909090909090909e-15,1e-11,-40,1.8e-07,1.14224e-06
0.7999999999999999,9.909090909090909e-15,1e-11,-40,3.6e-07,1.21095e-06
0.7999999999999999,9.909090909090909e-15,1e-11,-25,1.8e-07,1.14391e-06
0.7999999999999999,9.909090909090909e-15,1e-11,-25,3.6e-07,1.2143e-06
0.7999999999999999,9.909090909090909e-15,1e-11,0,1.8e-07,1.14653e-06
0.7999999999999999,9.909090909090909e-15,1e-11,0,3.6e-07,1.21949e-06
0.7999999999999999,9.909090909090909e-15,1e-11,25,1.8e-07,1.1491e-06
0.7999999999999999,9.909090909090909e-15,1e-11,25,3.6e-07,1.22449e-06
0.7999999999999999,9.909090909090909e-15,1e-11,75,1.8e-07,1.15387e-06
0.7999999999999999,9.909090909090909e-15,1e-11,75,3.6e-07,1.23444e-06
0.7999999999999999,9.909090909090909e-15,1e-11,100,1.8e-07,1.15484e-06
0.7999999999999999,9.909090909090909e-15,1e-11,100,3.6e-07,1.23905e-06
0.7999999999999999,9.909090909090909e-15,1e-11,125,1.8e-07,1.15274e-06
0.7999999999999999,9.909090909090909e-15,1e-11,125,3.6e-07,1.24312e-06
0.7999999999999999,9.909090909090909e-15,5e-11,-40,1.8e-07,1.1358e-06
0.7999999999999999,9.909090909090909e-15,5e-11,-40,3.6e-07,1.19669e-06
0.7999999999999999,9.909090909090909e-15,5e-11,-25,1.8e-07,1.1376e-06
0.7999999999999999,9.909090909090909e-15,5e-11,-25,3.6e-07,1.20047e-06
0.7999999999999999,9.909090909090909e-15,5e-11,0,1.8e-07,1.14033e-06
0.7999999999999999,9.909090909090909e-15,5e-11,0,3.6e-07,1.20599e-06
