Iteration,Vdd,Cload,Slew,Temp,Wp,Reason
1861,0.8999999999999999,9.909090909090907e-15,1e-10,125,1.8e-07,Power not found
1864,0.8999999999999999,9.909090909090907e-15,2e-10,-40,3.6e-07,Power not found
1867,0.8999999999999999,9.909090909090907e-15,2e-10,0,1.8e-07,Power not found
1870,0.8999999999999999,9.909090909090907e-15,2e-10,25,3.6e-07,Power not found
1873,0.8999999999999999,9.909090909090907e-15,2e-10,100,1.8e-07,Power not found
1887,0.8999999999999999,9.909090909090907e-15,4e-10,100,1.8e-07,Power not found
1892,0.8999999999999999,1.436363636363636e-14,1e-11,-40,3.6e-07,Power not found
1899,0.8999999999999999,1.436363636363636e-14,1e-11,75,1.8e-07,Power not found
1900,0.8999999999999999,1.436363636363636e-14,1e-11,75,3.6e-07,Power not found
1932,0.8999999999999999,1.436363636363636e-14,1e-10,125,3.6e-07,Power not found
1947,0.8999999999999999,1.436363636363636e-14,4e-10,-40,1.8e-07,Power not found
1972,0.8999999999999999,1.8818181818181816e-14,1e-11,100,3.6e-07,Power not found
1974,0.8999999999999999,1.8818181818181816e-14,1e-11,125,3.6e-07,Power not found
1987,0.8999999999999999,1.8818181818181816e-14,5e-11,125,1.8e-07,Power not found
1993,0.8999999999999999,1.8818181818181816e-14,1e-10,0,1.8e-07,Power not found
1997,0.8999999999999999,1.8818181818181816e-14,1e-10,75,1.8e-07,Power not found
2007,0.8999999999999999,1.8818181818181816e-14,2e-10,0,1.8e-07,Power not found
2009,0.8999999999999999,1.8818181818181816e-14,2e-10,25,1.8e-07,Power not found
2014,0.8999999999999999,1.8818181818181816e-14,2e-10,100,3.6e-07,Power not found
2042,0.8999999999999999,2.3272727272727273e-14,1e-11,100,3.6e-07,Power not found
2045,0.8999999999999999,2.3272727272727273e-14,5e-11,-40,1.8e-07,Power not found
2051,0.8999999999999999,2.3272727272727273e-14,5e-11,25,1.8e-07,Power not found
2054,0.8999999999999999,2.3272727272727273e-14,5e-11,75,3.6e-07,Power not found
2056,0.8999999999999999,2.3272727272727273e-14,5e-11,100,3.6e-07,Power not found
2062,0.8999999999999999,2.3272727272727273e-14,1e-10,-25,3.6e-07,Power not found
2068,0.8999999999999999,2.3272727272727273e-14,1e-10,75,3.6e-07,Power not found
2081,0.8999999999999999,2.3272727272727273e-14,2e-10,75,1.8e-07,Power not found
2084,0.8999999999999999,2.3272727272727273e-14,2e-10,100,3.6e-07,Power not found
2091,0.8999999999999999,2.3272727272727273e-14,4e-10,0,1.8e-07,Power not found
2097,0.8999999999999999,2.3272727272727273e-14,4e-10,100,1.8e-07,Power not found
2105,0.8999999999999999,2.7727272727272724e-14,1e-11,0,1.8e-07,Power not found
2107,0.8999999999999999,2.7727272727272724e-14,1e-11,25,1.8e-07,Power not found
2110,0.8999999999999999,2.7727272727272724e-14,1e-11,75,3.6e-07,Power not found
2127,0.8999999999999999,2.7727272727272724e-14,5e-11,125,1.8e-07,Power not found
2144,0.8999999999999999,2.7727272727272724e-14,2e-10,-40,3.6e-07,Power not found
2157,0.8999999999999999,2.7727272727272724e-14,4e-10,-40,1.8e-07,Power not found
2174,0.8999999999999999,3.2181818181818185e-14,1e-11,-25,3.6e-07,Power not found
2176,0.8999999999999999,3.2181818181818185e-14,1e-11,0,3.6e-07,Power not found
2183,0.8999999999999999,3.2181818181818185e-14,1e-11,125,1.8e-07,Power not found
2191,0.8999999999999999,3.2181818181818185e-14,5e-11,25,1.8e-07,Power not found
2195,0.8999999999999999,3.2181818181818185e-14,5e-11,100,1.8e-07,Power not found
2197,0.8999999999999999,3.2181818181818185e-14,5e-11,125,1.8e-07,Power not found
2199,0.8999999999999999,3.2181818181818185e-14,1e-10,-40,1.8e-07,Power not found
2209,0.8999999999999999,3.2181818181818185e-14,1e-10,100,1.8e-07,Power not found
2211,0.8999999999999999,3.2181818181818185e-14,1e-10,125,1.8e-07,Power not found
2220,0.8999999999999999,3.2181818181818185e-14,2e-10,25,3.6e-07,Power not found
2228,0.8999999999999999,3.2181818181818185e-14,4e-10,-40,3.6e-07,Power not found
2234,0.8999999999999999,3.2181818181818185e-14,4e-10,25,3.6e-07,Power not found
2242,0.8999999999999999,3.663636363636364e-14,1e-11,-40,3.6e-07,Power not found
2248,0.8999999999999999,3.663636363636364e-14,1e-11,25,3.6e-07,Power not found
2250,0.8999999999999999,3.663636363636364e-14,1e-11,75,3.6e-07,Power not found
2257,0.8999999999999999,3.663636363636364e-14,5e-11,-25,1.8e-07,Power not found
2268,0.8999999999999999,3.663636363636364e-14,5e-11,125,3.6e-07,Power not found
2275,0.8999999999999999,3.663636363636364e-14,1e-10,25,1.8e-07,Power not found
2280,0.8999999999999999,3.663636363636364e-14,1e-10,100,3.6e-07,Power not found
2286,0.8999999999999999,3.663636363636364e-14,2e-10,-25,3.6e-07,Power not found
2295,0.8999999999999999,3.663636363636364e-14,2e-10,125,1.8e-07,Power not found
2298,0.8999999999999999,3.663636363636364e-14,4e-10,-40,3.6e-07,Power not found
2306,0.8999999999999999,3.663636363636364e-14,4e-10,75,3.6e-07,Power not found
2310,0.8999999999999999,3.663636363636364e-14,4e-10,125,3.6e-07,Power not found
2312,0.8999999999999999,4.109090909090909e-14,1e-11,-40,3.6e-07,Power not found
2315,0.8999999999999999,4.109090909090909e-14,1e-11,0,1.8e-07,Power not found
2318,0.8999999999999999,4.109090909090909e-14,1e-11,25,3.6e-07,Power not found
2324,0.8999999999999999,4.109090909090909e-14,1e-11,125,3.6e-07,Power not found
2326,0.8999999999999999,4.109090909090909e-14,5e-11,-40,3.6e-07,Power not found
2329,0.8999999999999999,4.109090909090909e-14,5e-11,0,1.8e-07,Power not found
2333,0.8999999999999999,4.109090909090909e-14,5e-11,75,1.8e-07,Power not found
2335,0.8999999999999999,4.109090909090909e-14,5e-11,100,1.8e-07,Power not found
2339,0.8999999999999999,4.109090909090909e-14,1e-10,-40,1.8e-07,Power not found
2346,0.8999999999999999,4.109090909090909e-14,1e-10,25,3.6e-07,Power not found
2348,0.8999999999999999,4.109090909090909e-14,1e-10,75,3.6e-07,Power not found
2355,0.8999999999999999,4.109090909090909e-14,2e-10,-25,1.8e-07,Power not found
2358,0.8999999999999999,4.109090909090909e-14,2e-10,0,3.6e-07,Power not found
2360,0.8999999999999999,4.109090909090909e-14,2e-10,25,3.6e-07,Power not found
2362,0.8999999999999999,4.109090909090909e-14,2e-10,75,3.6e-07,Power not found
2364,0.8999999999999999,4.109090909090909e-14,2e-10,100,3.6e-07,Power not found
2369,0.8999999999999999,4.109090909090909e-14,4e-10,-25,1.8e-07,Power not found
2376,0.8999999999999999,4.109090909090909e-14,4e-10,75,3.6e-07,Power not found
2379,0.8999999999999999,4.109090909090909e-14,4e-10,125,1.8e-07,Power not found
2382,0.8999999999999999,4.5545454545454544e-14,1e-11,-40,3.6e-07,Power not found
2384,0.8999999999999999,4.5545454545454544e-14,1e-11,-25,3.6e-07,Power not found
2387,0.8999999999999999,4.5545454545454544e-14,1e-11,25,1.8e-07,Power not found
2389,0.8999999999999999,4.5545454545454544e-14,1e-11,75,1.8e-07,Power not found
2392,0.8999999999999999,4.5545454545454544e-14,1e-11,100,3.6e-07,Power not found
2394,0.8999999999999999,4.5545454545454544e-14,1e-11,125,3.6e-07,Power not found
2396,0.8999999999999999,4.5545454545454544e-14,5e-11,-40,3.6e-07,Power not found
2399,0.8999999999999999,4.5545454545454544e-14,5e-11,0,1.8e-07,Power not found
2403,0.8999999999999999,4.5545454545454544e-14,5e-11,75,1.8e-07,Power not found
2405,0.8999999999999999,4.5545454545454544e-14,5e-11,100,1.8e-07,Power not found
2409,0.8999999999999999,4.5545454545454544e-14,1e-10,-40,1.8e-07,Power not found
2419,0.8999999999999999,4.5545454545454544e-14,1e-10,100,1.8e-07,Power not found
2426,0.8999999999999999,4.5545454545454544e-14,2e-10,-25,3.6e-07,Power not found
2428,0.8999999999999999,4.5545454545454544e-14,2e-10,0,3.6e-07,Power not found
2430,0.8999999999999999,4.5545454545454544e-14,2e-10,25,3.6e-07,Power not found
2434,0.8999999999999999,4.5545454545454544e-14,2e-10,100,3.6e-07,Power not found
2442,0.8999999999999999,4.5545454545454544e-14,4e-10,0,3.6e-07,Power not found
2448,0.8999999999999999,4.5545454545454544e-14,4e-10,100,3.6e-07,Power not found
2451,0.8999999999999999,5e-14,1e-11,-40,1.8e-07,Power not found
2454,0.8999999999999999,5e-14,1e-11,-25,3.6e-07,Power not found
2462,0.8999999999999999,5e-14,1e-11,100,3.6e-07,Power not found
2464,0.8999999999999999,5e-14,1e-11,125,3.6e-07,Power not found
2467,0.8999999999999999,5e-14,5e-11,-25,1.8e-07,Power not found
2470,0.8999999999999999,5e-14,5e-11,0,3.6e-07,Power not found
2473,0.8999999999999999,5e-14,5e-11,75,1.8e-07,Power not found
2476,0.8999999999999999,5e-14,5e-11,100,3.6e-07,Power not found
2478,0.8999999999999999,5e-14,5e-11,125,3.6e-07,Power not found
2481,0.8999999999999999,5e-14,1e-10,-25,1.8e-07,Power not found
2488,0.8999999999999999,5e-14,1e-10,75,3.6e-07,Power not found
2492,0.8999999999999999,5e-14,1e-10,125,3.6e-07,Power not found
2495,0.8999999999999999,5e-14,2e-10,-25,1.8e-07,Power not found
2499,0.8999999999999999,5e-14,2e-10,25,1.8e-07,Power not found
2502,0.8999999999999999,5e-14,2e-10,75,3.6e-07,Power not found
2506,0.8999999999999999,5e-14,2e-10,125,3.6e-07,Power not found
2508,0.8999999999999999,5e-14,4e-10,-40,3.6e-07,Power not found
2512,0.8999999999999999,5e-14,4e-10,0,3.6e-07,Power not found
2515,0.8999999999999999,5e-14,4e-10,75,1.8e-07,Power not found
2517,0.8999999999999999,5e-14,4e-10,100,1.8e-07,Power not found
2522,1.0,1e-15,1e-11,-40,3.6e-07,Power not found
2527,1.0,1e-15,1e-11,25,1.8e-07,Power not found
2537,1.0,1e-15,5e-11,-25,1.8e-07,Power not found
2544,1.0,1e-15,5e-11,75,3.6e-07,Power not found
2549,1.0,1e-15,1e-10,-40,1.8e-07,Power not found
2551,1.0,1e-15,1e-10,-25,1.8e-07,Power not found
2558,1.0,1e-15,1e-10,75,3.6e-07,Power not found
2562,1.0,1e-15,1e-10,125,3.6e-07,Power not found
2564,1.0,1e-15,2e-10,-40,3.6e-07,Power not found
2567,1.0,1e-15,2e-10,0,1.8e-07,Power not found
2570,1.0,1e-15,2e-10,25,3.6e-07,Power not found
2572,1.0,1e-15,2e-10,75,3.6e-07,Power not found
2578,1.0,1e-15,4e-10,-40,3.6e-07,Power not found
2580,1.0,1e-15,4e-10,-25,3.6e-07,Power not found
2585,1.0,1e-15,4e-10,75,1.8e-07,Power not found
2592,1.0,5.454545454545455e-15,1e-11,-40,3.6e-07,Power not found
2594,1.0,5.454545454545455e-15,1e-11,-25,3.6e-07,Power not found
2599,1.0,5.454545454545455e-15,1e-11,75,1.8e-07,Power not found
2605,1.0,5.454545454545455e-15,5e-11,-40,1.8e-07,Power not found
2607,1.0,5.454545454545455e-15,5e-11,-25,1.8e-07,Power not found
2611,1.0,5.454545454545455e-15,5e-11,25,1.8e-07,Power not found
2616,1.0,5.454545454545455e-15,5e-11,100,3.6e-07,Power not found
2620,1.0,5.454545454545455e-15,1e-10,-40,3.6e-07,Power not found
2623,1.0,5.454545454545455e-15,1e-10,0,1.8e-07,Power not found
2626,1.0,5.454545454545455e-15,1e-10,25,3.6e-07,Power not found
2630,1.0,5.454545454545455e-15,1e-10,100,3.6e-07,Power not found
2634,1.0,5.454545454545455e-15,2e-10,-40,3.6e-07,Power not found
2638,1.0,5.454545454545455e-15,2e-10,0,3.6e-07,Power not found
2642,1.0,5.454545454545455e-15,2e-10,75,3.6e-07,Power not found
2651,1.0,5.454545454545455e-15,4e-10,0,1.8e-07,Power not found
2656,1.0,5.454545454545455e-15,4e-10,75,3.6e-07,Power not found
2662,1.0,9.909090909090907e-15,1e-11,-40,3.6e-07,Power not found
2667,1.0,9.909090909090907e-15,1e-11,25,1.8e-07,Power not found
2674,1.0,9.909090909090907e-15,1e-11,125,3.6e-07,Power not found
2680,1.0,9.909090909090907e-15,5e-11,0,3.6e-07,Power not found
2683,1.0,9.909090909090907e-15,5e-11,75,1.8e-07,Power not found
2688,1.0,9.909090909090907e-15,5e-11,125,3.6e-07,Power not found
2691,1.0,9.909090909090907e-15,1e-10,-25,1.8e-07,Power not found
2694,1.0,9.909090909090907e-15,1e-10,0,3.6e-07,Power not found
2696,1.0,9.909090909090907e-15,1e-10,25,3.6e-07,Power not found
2699,1.0,9.909090909090907e-15,1e-10,100,1.8e-07,Power not found
2701,1.0,9.909090909090907e-15,1e-10,125,1.8e-07,Power not found
2706,1.0,9.909090909090907e-15,2e-10,-25,3.6e-07,Power not found
2709,1.0,9.909090909090907e-15,2e-10,25,1.8e-07,Power not found
2712,1.0,9.909090909090907e-15,2e-10,75,3.6e-07,Power not found
2716,1.0,9.909090909090907e-15,2e-10,125,3.6e-07,Power not found
2718,1.0,9.909090909090907e-15,4e-10,-40,3.6e-07,Power not found
2722,1.0,9.909090909090907e-15,4e-10,0,3.6e-07,Power not found
2726,1.0,9.909090909090907e-15,4e-10,75,3.6e-07,Power not found
2734,1.0,1.436363636363636e-14,1e-11,-25,3.6e-07,Power not found
2738,1.0,1.436363636363636e-14,1e-11,25,3.6e-07,Power not found
2744,1.0,1.436363636363636e-14,1e-11,125,3.6e-07,Power not found
2746,1.0,1.436363636363636e-14,5e-11,-40,3.6e-07,Power not found
2748,1.0,1.436363636363636e-14,5e-11,-25,3.6e-07,Power not found
2750,1.0,1.436363636363636e-14,5e-11,0,3.6e-07,Power not found
2756,1.0,1.436363636363636e-14,5e-11,100,3.6e-07,Power not found
2758,1.0,1.436363636363636e-14,5e-11,125,3.6e-07,Power not found
2764,1.0,1.436363636363636e-14,1e-10,0,3.6e-07,Power not found
2783,1.0,1.436363636363636e-14,2e-10,100,1.8e-07,Power not found
2788,1.0,1.436363636363636e-14,4e-10,-40,3.6e-07,Power not found
2790,1.0,1.436363636363636e-14,4e-10,-25,3.6e-07,Power not found
2793,1.0,1.436363636363636e-14,4e-10,25,1.8e-07,Power not found
2795,1.0,1.436363636363636e-14,4e-10,75,1.8e-07,Power not found
2801,1.0,1.8818181818181816e-14,1e-11,-40,1.8e-07,Power not found
2809,1.0,1.8818181818181816e-14,1e-11,75,1.8e-07,Power not found
2812,1.0,1.8818181818181816e-14,1e-11,100,3.6e-07,Power not found
2814,1.0,1.8818181818181816e-14,1e-11,125,3.6e-07,Power not found
2820,1.0,1.8818181818181816e-14,5e-11,0,3.6e-07,Power not found
2822,1.0,1.8818181818181816e-14,5e-11,25,3.6e-07,Power not found
2825,1.0,1.8818181818181816e-14,5e-11,100,1.8e-07,Power not found
2828,1.0,1.8818181818181816e-14,5e-11,125,3.6e-07,Power not found
2831,1.0,1.8818181818181816e-14,1e-10,-25,1.8e-07,Power not found
2835,1.0,1.8818181818181816e-14,1e-10,25,1.8e-07,Power not found
2837,1.0,1.8818181818181816e-14,1e-10,75,1.8e-07,Power not found
2840,1.0,1.8818181818181816e-14,1e-10,100,3.6e-07,Power not found
2844,1.0,1.8818181818181816e-14,2e-10,-40,3.6e-07,Power not found
2853,1.0,1.8818181818181816e-14,2e-10,100,1.8e-07,Power not found
2855,1.0,1.8818181818181816e-14,2e-10,125,1.8e-07,Power not found
2860,1.0,1.8818181818181816e-14,4e-10,-25,3.6e-07,Power not found
2868,1.0,1.8818181818181816e-14,4e-10,100,3.6e-07,Power not found
2875,1.0,2.3272727272727273e-14,1e-11,0,1.8e-07,Power not found
2877,1.0,2.3272727272727273e-14,1e-11,25,1.8e-07,Power not found
2896,1.0,2.3272727272727273e-14,5e-11,100,3.6e-07,Power not found
2901,1.0,2.3272727272727273e-14,1e-10,-25,1.8e-07,Power not found
2904,1.0,2.3272727272727273e-14,1e-10,0,3.6e-07,Power not found
2909,1.0,2.3272727272727273e-14,1e-10,100,1.8e-07,Power not found
2912,1.0,2.3272727272727273e-14,1e-10,125,3.6e-07,Power not found
2920,1.0,2.3272727272727273e-14,2e-10,25,3.6e-07,Power not found
2922,1.0,2.3272727272727273e-14,2e-10,75,3.6e-07,Power not found
2924,1.0,2.3272727272727273e-14,2e-10,100,3.6e-07,Power not found
2932,1.0,2.3272727272727273e-14,4e-10,0,3.6e-07,Power not found
2937,1.0,2.3272727272727273e-14,4e-10,100,1.8e-07,Power not found
2941,1.0,2.7727272727272724e-14,1e-11,-40,1.8e-07,Power not found
2945,1.0,2.7727272727272724e-14,1e-11,0,1.8e-07,Power not found
2950,1.0,2.7727272727272724e-14,1e-11,75,3.6e-07,Power not found
2952,1.0,2.7727272727272724e-14,1e-11,100,3.6e-07,Power not found
2960,1.0,2.7727272727272724e-14,5e-11,0,3.6e-07,Power not found
2963,1.0,2.7727272727272724e-14,5e-11,75,1.8e-07,Power not found
2966,1.0,2.7727272727272724e-14,5e-11,100,3.6e-07,Power not found
2972,1.0,2.7727272727272724e-14,1e-10,-25,3.6e-07,Power not found
2982,1.0,2.7727272727272724e-14,1e-10,125,3.6e-07,Power not found
2986,1.0,2.7727272727272724e-14,2e-10,-25,3.6e-07,Power not found
3001,1.0,2.7727272727272724e-14,4e-10,0,1.8e-07,Power not found
3004,1.0,2.7727272727272724e-14,4e-10,25,3.6e-07,Power not found
3010,1.0,2.7727272727272724e-14,4e-10,125,3.6e-07,Power not found
3012,1.0,3.2181818181818185e-14,1e-11,-40,3.6e-07,Power not found
3017,1.0,3.2181818181818185e-14,1e-11,25,1.8e-07,Power not found
3025,1.0,3.2181818181818185e-14,5e-11,-40,1.8e-07,Power not found
3033,1.0,3.2181818181818185e-14,5e-11,75,1.8e-07,Power not found
3039,1.0,3.2181818181818185e-14,1e-10,-40,1.8e-07,Power not found
3042,1.0,3.2181818181818185e-14,1e-10,-25,3.6e-07,Power not found
3047,1.0,3.2181818181818185e-14,1e-10,75,1.8e-07,Power not found
3056,1.0,3.2181818181818185e-14,2e-10,-25,3.6e-07,Power not found
3060,1.0,3.2181818181818185e-14,2e-10,25,3.6e-07,Power not found
3064,1.0,3.2181818181818185e-14,2e-10,100,3.6e-07,Power not found
3067,1.0,3.2181818181818185e-14,4e-10,-40,1.8e-07,Power not found
3478,1.1,5.454545454545455e-15,2e-10,0,3.6e-07,Power not found
3489,1.1,5.454545454545455e-15,4e-10,-25,1.8e-07,Power not found
3493,1.1,5.454545454545455e-15,4e-10,25,1.8e-07,Power not found
3496,1.1,5.454545454545455e-15,4e-10,75,3.6e-07,Power not found
3501,1.1,9.909090909090907e-15,1e-11,-40,1.8e-07,Power not found
3512,1.1,9.909090909090907e-15,1e-11,100,3.6e-07,Power not found
3522,1.1,9.909090909090907e-15,5e-11,25,3.6e-07,Power not found
3524,1.1,9.909090909090907e-15,5e-11,75,3.6e-07,Power not found
3527,1.1,9.909090909090907e-15,5e-11,125,1.8e-07,Power not found
3530,1.1,9.909090909090907e-15,1e-10,-40,3.6e-07,Power not found
3532,1.1,9.909090909090907e-15,1e-10,-25,3.6e-07,Power not found
3540,1.1,9.909090909090907e-15,1e-10,100,3.6e-07,Power not found
3543,1.1,9.909090909090907e-15,2e-10,-40,1.8e-07,Power not found
3545,1.1,9.909090909090907e-15,2e-10,-25,1.8e-07,Power not found
3549,1.1,9.909090909090907e-15,2e-10,25,1.8e-07,Power not found
3551,1.1,9.909090909090907e-15,2e-10,75,1.8e-07,Power not found
3553,1.1,9.909090909090907e-15,2e-10,100,1.8e-07,Power not found
3557,1.1,9.909090909090907e-15,4e-10,-40,1.8e-07,Power not found
3561,1.1,9.909090909090907e-15,4e-10,0,1.8e-07,Power not found
3567,1.1,9.909090909090907e-15,4e-10,100,1.8e-07,Power not found
3569,1.1,9.909090909090907e-15,4e-10,125,1.8e-07,Power not found
3576,1.1,1.436363636363636e-14,1e-11,0,3.6e-07,Power not found
3580,1.1,1.436363636363636e-14,1e-11,75,3.6e-07,Power not found
3587,1.1,1.436363636363636e-14,5e-11,-25,1.8e-07,Power not found
3590,1.1,1.436363636363636e-14,5e-11,0,3.6e-07,Power not found
3592,1.1,1.436363636363636e-14,5e-11,25,3.6e-07,Power not found
3596,1.1,1.436363636363636e-14,5e-11,100,3.6e-07,Power not found
3600,1.1,1.436363636363636e-14,1e-10,-40,3.6e-07,Power not found
3606,1.1,1.436363636363636e-14,1e-10,25,3.6e-07,Power not found
3611,1.1,1.436363636363636e-14,1e-10,125,1.8e-07,Power not found
3613,1.1,1.436363636363636e-14,2e-10,-40,1.8e-07,Power not found
3621,1.1,1.436363636363636e-14,2e-10,75,1.8e-07,Power not found
3626,1.1,1.436363636363636e-14,2e-10,125,3.6e-07,Power not found
3632,1.1,1.436363636363636e-14,4e-10,0,3.6e-07,Power not found
3638,1.1,1.436363636363636e-14,4e-10,100,3.6e-07,Power not found
3641,1.1,1.8818181818181816e-14,1e-11,-40,1.8e-07,Power not found
3656,1.1,1.8818181818181816e-14,5e-11,-40,3.6e-07,Power not found
3658,1.1,1.8818181818181816e-14,5e-11,-25,3.6e-07,Power not found
3662,1.1,1.8818181818181816e-14,5e-11,25,3.6e-07,Power not found
3674,1.1,1.8818181818181816e-14,1e-10,0,3.6e-07,Power not found
3677,1.1,1.8818181818181816e-14,1e-10,75,1.8e-07,Power not found
3679,1.1,1.8818181818181816e-14,1e-10,100,1.8e-07,Power not found
3682,1.1,1.8818181818181816e-14,1e-10,125,3.6e-07,Power not found
3685,1.1,1.8818181818181816e-14,2e-10,-25,1.8e-07,Power not found
3688,1.1,1.8818181818181816e-14,2e-10,0,3.6e-07,Power not found
3692,1.1,1.8818181818181816e-14,2e-10,75,3.6e-07,Power not found
3695,1.1,1.8818181818181816e-14,2e-10,125,1.8e-07,Power not found
3709,1.1,1.8818181818181816e-14,4e-10,125,1.8e-07,Power not found
3718,1.1,2.3272727272727273e-14,1e-11,25,3.6e-07,Power not found
3730,1.1,2.3272727272727273e-14,5e-11,0,3.6e-07,Power not found
3734,1.1,2.3272727272727273e-14,5e-11,75,3.6e-07,Power not found
3742,1.1,2.3272727272727273e-14,1e-10,-25,3.6e-07,Power not found
3749,1.1,2.3272727272727273e-14,1e-10,100,1.8e-07,Power not found
3757,1.1,2.3272727272727273e-14,2e-10,0,1.8e-07,Power not found
3761,1.1,2.3272727272727273e-14,2e-10,75,1.8e-07,Power not found
3768,1.1,2.3272727272727273e-14,4e-10,-40,3.6e-07,Power not found
3772,1.1,2.3272727272727273e-14,4e-10,0,3.6e-07,Power not found
3776,1.1,2.3272727272727273e-14,4e-10,75,3.6e-07,Power not found
3781,1.1,2.7727272727272724e-14,1e-11,-40,1.8e-07,Power not found
3784,1.1,2.7727272727272724e-14,1e-11,-25,3.6e-07,Power not found
3787,1.1,2.7727272727272724e-14,1e-11,25,1.8e-07,Power not found
3789,1.1,2.7727272727272724e-14,1e-11,75,1.8e-07,Power not found
3791,1.1,2.7727272727272724e-14,1e-11,100,1.8e-07,Power not found
3793,1.1,2.7727272727272724e-14,1e-11,125,1.8e-07,Power not found
3798,1.1,2.7727272727272724e-14,5e-11,-25,3.6e-07,Power not found
3804,1.1,2.7727272727272724e-14,5e-11,75,3.6e-07,Power not found
3807,1.1,2.7727272727272724e-14,5e-11,125,1.8e-07,Power not found
3809,1.1,2.7727272727272724e-14,1e-10,-40,1.8e-07,Power not found
3813,1.1,2.7727272727272724e-14,1e-10,0,1.8e-07,Power not found
3816,1.1,2.7727272727272724e-14,1e-10,25,3.6e-07,Power not found
3819,1.1,2.7727272727272724e-14,1e-10,100,1.8e-07,Power not found
3830,1.1,2.7727272727272724e-14,2e-10,25,3.6e-07,Power not found
3832,1.1,2.7727272727272724e-14,2e-10,75,3.6e-07,Power not found
3834,1.1,2.7727272727272724e-14,2e-10,100,3.6e-07,Power not found
3839,1.1,2.7727272727272724e-14,4e-10,-25,1.8e-07,Power not found
3843,1.1,2.7727272727272724e-14,4e-10,25,1.8e-07,Power not found
3848,1.1,2.7727272727272724e-14,4e-10,100,3.6e-07,Power not found
3851,1.1,3.2181818181818185e-14,1e-11,-40,1.8e-07,Power not found
3856,1.1,3.2181818181818185e-14,1e-11,0,3.6e-07,Power not found
3859,1.1,3.2181818181818185e-14,1e-11,75,1.8e-07,Power not found
3865,1.1,3.2181818181818185e-14,5e-11,-40,1.8e-07,Power not found
3876,1.1,3.2181818181818185e-14,5e-11,100,3.6e-07,Power not found
3881,1.1,3.2181818181818185e-14,1e-10,-25,1.8e-07,Power not found
3884,1.1,3.2181818181818185e-14,1e-10,0,3.6e-07,Power not found
3886,1.1,3.2181818181818185e-14,1e-10,25,3.6e-07,Power not found
3891,1.1,3.2181818181818185e-14,1e-10,125,1.8e-07,Power not found
3893,1.1,3.2181818181818185e-14,2e-10,-40,1.8e-07,Power not found
3897,1.1,3.2181818181818185e-14,2e-10,0,1.8e-07,Power not found
3901,1.1,3.2181818181818185e-14,2e-10,75,1.8e-07,Power not found
3908,1.1,3.2181818181818185e-14,4e-10,-40,3.6e-07,Power not found
3911,1.1,3.2181818181818185e-14,4e-10,0,1.8e-07,Power not found
3916,1.1,3.2181818181818185e-14,4e-10,75,3.6e-07,Power not found
3924,1.1,3.663636363636364e-14,1e-11,-25,3.6e-07,Power not found
3929,1.1,3.663636363636364e-14,1e-11,75,1.8e-07,Power not found
3934,1.1,3.663636363636364e-14,1e-11,125,3.6e-07,Power not found
3936,1.1,3.663636363636364e-14,5e-11,-40,3.6e-07,Power not found
3943,1.1,3.663636363636364e-14,5e-11,75,1.8e-07,Power not found
3951,1.1,3.663636363636364e-14,1e-10,-25,1.8e-07,Power not found
3959,1.1,3.663636363636364e-14,1e-10,100,1.8e-07,Power not found
3962,1.1,3.663636363636364e-14,1e-10,125,3.6e-07,Power not found
3967,1.1,3.663636363636364e-14,2e-10,0,1.8e-07,Power not found
3969,1.1,3.663636363636364e-14,2e-10,25,1.8e-07,Power not found
3971,1.1,3.663636363636364e-14,2e-10,75,1.8e-07,Power not found
3975,1.1,3.663636363636364e-14,2e-10,125,1.8e-07,Power not found
3979,1.1,3.663636363636364e-14,4e-10,-25,1.8e-07,Power not found
3984,1.1,3.663636363636364e-14,4e-10,25,3.6e-07,Power not found
3987,1.1,3.663636363636364e-14,4e-10,100,1.8e-07,Power not found
3992,1.1,4.109090909090909e-14,1e-11,-40,3.6e-07,Power not found
3994,1.1,4.109090909090909e-14,1e-11,-25,3.6e-07,Power not found
4001,1.1,4.109090909090909e-14,1e-11,100,1.8e-07,Power not found
4004,1.1,4.109090909090909e-14,1e-11,125,3.6e-07,Power not found
4010,1.1,4.109090909090909e-14,5e-11,0,3.6e-07,Power not found
4014,1.1,4.109090909090909e-14,5e-11,75,3.6e-07,Power not found
4023,1.1,4.109090909090909e-14,1e-10,0,1.8e-07,Power not found
4028,1.1,4.109090909090909e-14,1e-10,75,3.6e-07,Power not found
4034,1.1,4.109090909090909e-14,2e-10,-40,3.6e-07,Power not found
4037,1.1,4.109090909090909e-14,2e-10,0,1.8e-07,Power not found
4048,1.1,4.109090909090909e-14,4e-10,-40,3.6e-07,Power not found
4050,1.1,4.109090909090909e-14,4e-10,-25,3.6e-07,Power not found
4053,1.1,4.109090909090909e-14,4e-10,25,1.8e-07,Power not found
4057,1.1,4.109090909090909e-14,4e-10,100,1.8e-07,Power not found
4060,1.1,4.109090909090909e-14,4e-10,125,3.6e-07,Power not found
4064,1.1,4.5545454545454544e-14,1e-11,-25,3.6e-07,Power not found
4067,1.1,4.5545454545454544e-14,1e-11,25,1.8e-07,Power not found
4073,1.1,4.5545454545454544e-14,1e-11,125,1.8e-07,Power not found
4078,1.1,4.5545454545454544e-14,5e-11,-25,3.6e-07,Power not found
4086,1.1,4.5545454545454544e-14,5e-11,100,3.6e-07,Power not found
4089,1.1,4.5545454545454544e-14,1e-10,-40,1.8e-07,Power not found
4093,1.1,4.5545454545454544e-14,1e-10,0,1.8e-07,Power not found
4099,1.1,4.5545454545454544e-14,1e-10,100,1.8e-07,Power not found
4103,1.1,4.5545454545454544e-14,2e-10,-40,1.8e-07,Power not found
4117,1.1,4.5545454545454544e-14,4e-10,-40,1.8e-07,Power not found
4126,1.1,4.5545454545454544e-14,4e-10,75,3.6e-07,Power not found
4540,1.1999999999999995,1.8818181818181816e-14,4e-10,-25,3.6e-07,Power not found
4614,1.1999999999999995,2.3272727272727273e-14,4e-10,25,3.6e-07,Power not found
4651,1.1999999999999995,2.7727272727272724e-14,1e-10,-25,1.8e-07,Power not found
4656,1.1999999999999995,2.7727272727272724e-14,1e-10,25,3.6e-07,Power not found
4799,1.1999999999999995,3.663636363636364e-14,1e-10,100,1.8e-07,Power not found
4814,1.1999999999999995,3.663636363636364e-14,2e-10,100,3.6e-07,Power not found
4881,1.1999999999999995,4.109090909090909e-14,2e-10,75,1.8e-07,Power not found
4884,1.1999999999999995,4.109090909090909e-14,2e-10,100,3.6e-07,Power not found
4962,1.1999999999999995,4.5545454545454544e-14,4e-10,0,3.6e-07,Power not found
4971,1.1999999999999995,5e-14,1e-11,-40,1.8e-07,Power not found
5015,1.1999999999999995,5e-14,2e-10,-25,1.8e-07,Power not found
5085,1.2999999999999998,1e-15,2e-10,-25,1.8e-07,Power not found
5130,1.2999999999999998,5.454545454545455e-15,5e-11,0,3.6e-07,Power not found
5132,1.2999999999999998,5.454545454545455e-15,5e-11,25,3.6e-07,Power not found
5151,1.2999999999999998,5.454545454545455e-15,1e-10,125,1.8e-07,Power not found
5172,1.2999999999999998,5.454545454545455e-15,4e-10,0,3.6e-07,Power not found
5177,1.2999999999999998,5.454545454545455e-15,4e-10,100,1.8e-07,Power not found
5195,1.2999999999999998,9.909090909090907e-15,5e-11,-40,1.8e-07,Power not found
5206,1.2999999999999998,9.909090909090907e-15,5e-11,100,3.6e-07,Power not found
5237,1.2999999999999998,9.909090909090907e-15,4e-10,-40,1.8e-07,Power not found
5263,1.2999999999999998,1.436363636363636e-14,1e-11,125,1.8e-07,Power not found
5266,1.2999999999999998,1.436363636363636e-14,5e-11,-40,3.6e-07,Power not found
5271,1.2999999999999998,1.436363636363636e-14,5e-11,25,1.8e-07,Power not found
5347,1.2999999999999998,1.8818181818181816e-14,5e-11,125,1.8e-07,Power not found
