Vdd,Cload,Slew,Temp,Wp,Gate_ID,Power
0.7999999999999999,1.436363636363636e-14,1e-11,0,1.8e-07,2,2.60609e-07
0.7999999999999999,1.436363636363636e-14,1e-11,0,3.6e-07,2,2.68597e-07
0.7999999999999999,1.436363636363636e-14,1e-11,25,1.8e-07,2,2.6008e-07
0.7999999999999999,1.436363636363636e-14,1e-11,25,3.6e-07,2,2.69366e-07
0.7999999999999999,1.436363636363636e-14,1e-11,75,1.8e-07,2,2.59149e-07
0.7999999999999999,1.436363636363636e-14,1e-11,75,3.6e-07,2,2.72021e-07
0.7999999999999999,1.436363636363636e-14,1e-11,100,1.8e-07,2,2.56446e-07
0.7999999999999999,1.436363636363636e-14,1e-11,100,3.6e-07,2,2.67725e-07
0.7999999999999999,1.436363636363636e-14,1e-11,125,1.8e-07,2,2.54865e-07
0.7999999999999999,1.436363636363636e-14,1e-11,125,3.6e-07,2,2.72725e-07
0.7999999999999999,1.436363636363636e-14,5e-11,-40,1.8e-07,2,2.84097e-07
0.7999999999999999,1.436363636363636e-14,5e-11,-40,3.6e-07,2,2.9266e-07
0.7999999999999999,1.436363636363636e-14,5e-11,-25,1.8e-07,2,2.83915e-07
0.7999999999999999,1.436363636363636e-14,5e-11,-25,3.6e-07,2,2.96134e-07
0.7999999999999999,1.436363636363636e-14,5e-11,0,1.8e-07,2,2.79295e-07
0.7999999999999999,1.436363636363636e-14,5e-11,0,3.6e-07,2,2.92143e-07
0.7999999999999999,1.436363636363636e-14,5e-11,25,1.8e-07,2,2.77199e-07
0.7999999999999999,1.436363636363636e-14,5e-11,25,3.6e-07,2,2.8586e-07
0.7999999999999999,1.436363636363636e-14,5e-11,75,1.8e-07,2,2.76992e-07
0.7999999999999999,1.436363636363636e-14,5e-11,75,3.6e-07,2,2.85294e-07
0.7999999999999999,1.436363636363636e-14,5e-11,100,1.8e-07,2,2.72756e-07
0.7999999999999999,1.436363636363636e-14,5e-11,100,3.6e-07,2,2.8286e-07
0.7999999999999999,1.436363636363636e-14,5e-11,125,1.8e-07,2,2.69217e-07
0.7999999999999999,1.436363636363636e-14,5e-11,125,3.6e-07,2,2.80699e-07
0.7999999999999999,1.436363636363636e-14,1e-10,-40,1.8e-07,2,3.22239e-07
0.7999999999999999,1.436363636363636e-14,1e-10,-40,3.6e-07,2,3.29864e-07
0.7999999999999999,1.436363636363636e-14,1e-10,-25,1.8e-07,2,3.19183e-07
0.7999999999999999,1.436363636363636e-14,1e-10,-25,3.6e-07,2,3.16539e-07
0.7999999999999999,1.436363636363636e-14,1e-10,0,1.8e-07,2,3.03441e-07
0.7999999999999999,1.436363636363636e-14,1e-10,0,3.6e-07,2,3.20208e-07
0.7999999999999999,1.436363636363636e-14,1e-10,25,1.8e-07,2,3.06388e-07
0.7999999999999999,1.436363636363636e-14,1e-10,25,3.6e-07,2,3.1367e-07
0.7999999999999999,1.436363636363636e-14,1e-10,75,1.8e-07,2,2.96183e-07
0.7999999999999999,1.436363636363636e-14,1e-10,75,3.6e-07,2,3.04109e-07
0.7999999999999999,1.436363636363636e-14,1e-10,100,1.8e-07,2,2.89311e-07
0.7999999999999999,1.436363636363636e-14,1e-10,100,3.6e-07,2,2.98959e-07
0.7999999999999999,1.436363636363636e-14,1e-10,125,1.8e-07,2,2.83549e-07
0.7999999999999999,1.436363636363636e-14,1e-10,125,3.6e-07,2,2.97044e-07
0.7999999999999999,1.436363636363636e-14,2e-10,-40,1.8e-07,2,3.74143e-07
0.7999999999999999,1.436363636363636e-14,2e-10,-40,3.6e-07,2,3.80191e-07
0.7999999999999999,1.436363636363636e-14,2e-10,-25,1.8e-07,2,3.66405e-07
0.7999999999999999,1.436363636363636e-14,2e-10,-25,3.6e-07,2,3.6989e-07
0.7999999999999999,1.436363636363636e-14,2e-10,0,1.8e-07,2,3.51801e-07
0.7999999999999999,1.436363636363636e-14,2e-10,0,3.6e-07,2,3.64695e-07
0.7999999999999999,1.436363636363636e-14,2e-10,25,1.8e-07,2,3.4967e-07
0.7999999999999999,1.436363636363636e-14,2e-10,25,3.6e-07,2,3.56312e-07
0.7999999999999999,1.436363636363636e-14,2e-10,75,1.8e-07,2,3.3325e-07
0.7999999999999999,1.436363636363636e-14,2e-10,75,3.6e-07,2,3.32986e-07
0.7999999999999999,1.436363636363636e-14,2e-10,100,1.8e-07,2,3.23487e-07
0.7999999999999999,1.436363636363636e-14,2e-10,100,3.6e-07,2,3.32748e-07
0.7999999999999999,1.436363636363636e-14,2e-10,125,1.8e-07,2,3.14087e-07
0.7999999999999999,1.436363636363636e-14,2e-10,125,3.6e-07,2,3.29661e-07
0.7999999999999999,1.436363636363636e-14,4e-10,-40,1.8e-07,2,4.72321e-07
0.7999999999999999,1.436363636363636e-14,4e-10,-40,3.6e-07,2,4.54661e-07
0.7999999999999999,1.436363636363636e-14,4e-10,-25,1.8e-07,2,4.60909e-07
0.7999999999999999,1.436363636363636e-14,4e-10,-25,3.6e-07,2,4.49302e-07
0.7999999999999999,1.436363636363636e-14,4e-10,0,1.8e-07,2,4.43228e-07
0.7999999999999999,1.436363636363636e-14,4e-10,0,3.6e-07,2,4.39603e-07
0.7999999999999999,1.436363636363636e-14,4e-10,25,1.8e-07,2,4.29054e-07
0.7999999999999999,1.436363636363636e-14,4e-10,25,3.6e-07,2,4.29089e-07
0.7999999999999999,1.436363636363636e-14,4e-10,75,1.8e-07,2,3.97858e-07
0.7999999999999999,1.436363636363636e-14,4e-10,75,3.6e-07,2,3.99928e-07
0.7999999999999999,1.436363636363636e-14,4e-10,100,1.8e-07,2,3.82455e-07
0.7999999999999999,1.436363636363636e-14,4e-10,100,3.6e-07,2,3.86443e-07
0.7999999999999999,1.436363636363636e-14,4e-10,125,1.8e-07,2,3.67711e-07
0.7999999999999999,1.436363636363636e-14,4e-10,125,3.6e-07,2,3.75623e-07
0.7999999999999999,1.8818181818181816e-14,1e-11,-40,1.8e-07,2,3.2655e-07
0.7999999999999999,1.8818181818181816e-14,1e-11,-40,3.6e-07,2,3.37531e-07
0.7999999999999999,1.8818181818181816e-14,1e-11,-25,1.8e-07,2,3.29004e-07
0.7999999999999999,1.8818181818181816e-14,1e-11,-25,3.6e-07,2,3.39706e-07
0.7999999999999999,1.8818181818181816e-14,1e-11,0,1.8e-07,2,3.2947e-07
0.7999999999999999,1.8818181818181816e-14,1e-11,0,3.6e-07,2,3.38059e-07
0.7999999999999999,1.8818181818181816e-14,1e-11,25,1.8e-07,2,3.32171e-07
0.7999999999999999,1.8818181818181816e-14,1e-11,25,3.6e-07,2,3.39181e-07
0.7999999999999999,1.8818181818181816e-14,1e-11,75,1.8e-07,2,3.27419e-07
0.7999999999999999,1.8818181818181816e-14,1e-11,75,3.6e-07,2,3.46999e-07
0.7999999999999999,1.8818181818181816e-14,1e-11,100,1.8e-07,2,3.25423e-07
0.7999999999999999,1.8818181818181816e-14,1e-11,100,3.6e-07,2,3.45495e-07
0.7999999999999999,1.8818181818181816e-14,1e-11,125,1.8e-07,2,3.24368e-07
0.7999999999999999,1.8818181818181816e-14,1e-11,125,3.6e-07,2,3.48081e-07
0.7999999999999999,1.8818181818181816e-14,5e-11,-40,1.8e-07,2,3.56848e-07
0.7999999999999999,1.8818181818181816e-14,5e-11,-40,3.6e-07,2,3.63659e-07
0.7999999999999999,1.8818181818181816e-14,5e-11,-25,1.8e-07,2,3.54689e-07
0.7999999999999999,1.8818181818181816e-14,5e-11,-25,3.6e-07,2,3.66044e-07
0.7999999999999999,1.8818181818181816e-14,5e-11,0,1.8e-07,2,3.58081e-07
0.7999999999999999,1.8818181818181816e-14,5e-11,0,3.6e-07,2,3.6392e-07
0.7999999999999999,1.8818181818181816e-14,5e-11,25,1.8e-07,2,3.54765e-07
0.7999999999999999,1.8818181818181816e-14,5e-11,25,3.6e-07,2,3.58634e-07
0.7999999999999999,1.8818181818181816e-14,5e-11,75,3.6e-07,2,3.60668e-07
0.7999999999999999,1.8818181818181816e-14,5e-11,100,1.8e-07,2,3.41529e-07
0.7999999999999999,1.8818181818181816e-14,5e-11,125,1.8e-07,2,3.38525e-07
0.7999999999999999,1.8818181818181816e-14,5e-11,125,3.6e-07,2,3.5869e-07
0.7999999999999999,1.8818181818181816e-14,1e-10,-40,1.8e-07,2,3.94199e-07
0.7999999999999999,1.8818181818181816e-14,1e-10,-25,1.8e-07,2,3.88968e-07
0.7999999999999999,1.8818181818181816e-14,1e-10,0,3.6e-07,2,3.91712e-07
0.7999999999999999,1.8818181818181816e-14,1e-10,25,1.8e-07,2,3.81212e-07
0.7999999999999999,1.8818181818181816e-14,1e-10,25,3.6e-07,2,3.86497e-07
0.7999999999999999,1.8818181818181816e-14,1e-10,75,1.8e-07,2,3.63094e-07
0.7999999999999999,1.8818181818181816e-14,1e-10,75,3.6e-07,2,3.76276e-07
0.7999999999999999,1.8818181818181816e-14,1e-10,100,1.8e-07,2,3.57684e-07
0.7999999999999999,1.8818181818181816e-14,1e-10,100,3.6e-07,2,3.76954e-07
0.7999999999999999,1.8818181818181816e-14,1e-10,125,1.8e-07,2,3.52739e-07
0.7999999999999999,1.8818181818181816e-14,1e-10,125,3.6e-07,2,3.73784e-07
0.7999999999999999,1.8818181818181816e-14,2e-10,-40,1.8e-07,2,4.60584e-07
0.7999999999999999,1.8818181818181816e-14,2e-10,-25,1.8e-07,2,4.48287e-07
0.7999999999999999,1.8818181818181816e-14,2e-10,-25,3.6e-07,2,4.45143e-07
0.7999999999999999,1.8818181818181816e-14,2e-10,0,1.8e-07,2,4.41104e-07
0.7999999999999999,1.8818181818181816e-14,2e-10,25,1.8e-07,2,4.28846e-07
0.7999999999999999,1.8818181818181816e-14,2e-10,25,3.6e-07,2,4.33701e-07
0.7999999999999999,1.8818181818181816e-14,2e-10,75,1.8e-07,2,4.02378e-07
0.7999999999999999,1.8818181818181816e-14,2e-10,75,3.6e-07,2,4.22087e-07
0.7999999999999999,1.8818181818181816e-14,2e-10,100,1.8e-07,2,3.91698e-07
0.7999999999999999,1.8818181818181816e-14,2e-10,100,3.6e-07,2,4.115e-07
0.7999999999999999,1.8818181818181816e-14,4e-10,-25,1.8e-07,2,5.47961e-07
0.7999999999999999,1.8818181818181816e-14,4e-10,0,1.8e-07,2,5.27392e-07
0.7999999999999999,1.8818181818181816e-14,4e-10,25,3.6e-07,2,5.04147e-07
0.7999999999999999,1.8818181818181816e-14,4e-10,100,3.6e-07,2,4.64429e-07
0.7999999999999999,1.8818181818181816e-14,4e-10,125,3.6e-07,2,4.5286e-07
0.7999999999999999,2.327272727272727e-14,1e-11,-40,3.6e-07,2,4.10041e-07
0.7999999999999999,2.327272727272727e-14,1e-11,-25,1.8e-07,2,4.02327e-07
0.7999999999999999,2.327272727272727e-14,1e-11,-25,3.6e-07,2,4.11169e-07
0.7999999999999999,2.327272727272727e-14,1e-11,0,3.6e-07,2,4.11332e-07
0.7999999999999999,2.327272727272727e-14,1e-11,25,1.8e-07,2,4.03226e-07
0.7999999999999999,2.327272727272727e-14,1e-11,25,3.6e-07,2,4.14369e-07
0.7999999999999999,2.327272727272727e-14,1e-11,75,1.8e-07,2,3.96902e-07
0.7999999999999999,2.327272727272727e-14,1e-11,100,1.8e-07,2,3.95358e-07
0.7999999999999999,2.327272727272727e-14,5e-11,-40,1.8e-07,2,4.27251e-07
0.7999999999999999,2.327272727272727e-14,5e-11,-25,3.6e-07,2,4.39586e-07
0.7999999999999999,2.327272727272727e-14,5e-11,25,3.6e-07,2,4.39206e-07
0.7999999999999999,2.327272727272727e-14,5e-11,75,3.6e-07,2,4.36093e-07
0.7999999999999999,2.327272727272727e-14,5e-11,125,1.8e-07,2,4.08598e-07
0.7999999999999999,2.327272727272727e-14,1e-10,-40,1.8e-07,2,4.71182e-07
0.7999999999999999,2.327272727272727e-14,1e-10,25,3.6e-07,2,4.59978e-07
0.7999999999999999,2.327272727272727e-14,1e-10,75,3.6e-07,2,4.54948e-07
0.7999999999999999,2.327272727272727e-14,1e-10,100,1.8e-07,2,4.27049e-07
0.7999999999999999,2.327272727272727e-14,1e-10,125,3.6e-07,2,4.46395e-07
0.7999999999999999,2.327272727272727e-14,2e-10,-25,3.6e-07,2,5.36683e-07
0.7999999999999999,2.327272727272727e-14,2e-10,0,1.8e-07,2,5.13321e-07
0.7999999999999999,2.327272727272727e-14,2e-10,0,3.6e-07,2,5.10799e-07
0.7999999999999999,2.327272727272727e-14,2e-10,25,1.8e-07,2,5.0261e-07
0.7999999999999999,2.327272727272727e-14,2e-10,75,1.8e-07,2,4.67499e-07
0.7999999999999999,2.327272727272727e-14,2e-10,100,1.8e-07,2,4.60552e-07
0.7999999999999999,2.327272727272727e-14,2e-10,100,3.6e-07,2,4.88518e-07
0.7999999999999999,2.327272727272727e-14,2e-10,125,1.8e-07,2,4.52254e-07
0.7999999999999999,2.327272727272727e-14,2e-10,125,3.6e-07,2,4.78732e-07
0.7999999999999999,2.327272727272727e-14,4e-10,-40,1.8e-07,2,6.41588e-07
0.7999999999999999,2.327272727272727e-14,4e-10,0,1.8e-07,2,6.06155e-07
0.7999999999999999,2.327272727272727e-14,4e-10,25,3.6e-07,2,5.78337e-07
0.7999999999999999,2.327272727272727e-14,4e-10,125,1.8e-07,2,5.08512e-07
0.7999999999999999,2.7727272727272724e-14,1e-11,-40,1.8e-07,2,4.75698e-07
0.7999999999999999,2.7727272727272724e-14,1e-11,-40,3.6e-07,2,4.85614e-07
0.7999999999999999,2.7727272727272724e-14,1e-11,-25,1.8e-07,2,4.81268e-07
0.7999999999999999,2.7727272727272724e-14,1e-11,0,1.8e-07,2,4.76485e-07
0.7999999999999999,2.7727272727272724e-14,1e-11,0,3.6e-07,2,4.87819e-07
0.7999999999999999,2.7727272727272724e-14,1e-11,25,1.8e-07,2,4.71896e-07
0.7999999999999999,2.7727272727272724e-14,1e-11,25,3.6e-07,2,4.95069e-07
0.7999999999999999,2.7727272727272724e-14,1e-11,75,1.8e-07,2,4.66942e-07
0.7999999999999999,2.7727272727272724e-14,1e-11,75,3.6e-07,2,4.93176e-07
0.7999999999999999,2.7727272727272724e-14,1e-11,125,1.8e-07,2,4.65173e-07
0.7999999999999999,2.7727272727272724e-14,5e-11,-40,1.8e-07,2,5.04215e-07
0.7999999999999999,2.7727272727272724e-14,5e-11,-40,3.6e-07,2,5.08883e-07
0.7999999999999999,2.7727272727272724e-14,5e-11,-25,1.8e-07,2,5.04712e-07
0.7999999999999999,2.7727272727272724e-14,5e-11,-25,3.6e-07,2,5.1096e-07
0.7999999999999999,2.7727272727272724e-14,5e-11,25,1.8e-07,2,4.92362e-07
0.7999999999999999,2.7727272727272724e-14,5e-11,75,1.8e-07,2,4.8491e-07
0.7999999999999999,2.7727272727272724e-14,5e-11,100,1.8e-07,2,4.81442e-07
0.7999999999999999,2.7727272727272724e-14,5e-11,125,3.6e-07,2,4.98951e-07
0.7999999999999999,2.7727272727272724e-14,1e-10,-40,3.6e-07,2,5.53829e-07
0.7999999999999999,2.7727272727272724e-14,1e-10,-25,3.6e-07,2,5.41947e-07
0.7999999999999999,2.7727272727272724e-14,1e-10,0,1.8e-07,2,5.34817e-07
0.7999999999999999,2.7727272727272724e-14,1e-10,0,3.6e-07,2,5.41429e-07
0.7999999999999999,2.7727272727272724e-14,1e-10,25,1.8e-07,2,5.21516e-07
0.7999999999999999,2.7727272727272724e-14,1e-10,75,3.6e-07,2,5.28197e-07
0.7999999999999999,2.7727272727272724e-14,1e-10,100,3.6e-07,2,5.21926e-07
0.7999999999999999,2.7727272727272724e-14,2e-10,-40,1.8e-07,2,6.10879e-07
0.7999999999999999,2.7727272727272724e-14,2e-10,-25,1.8e-07,2,6.05703e-07
0.7999999999999999,2.7727272727272724e-14,2e-10,-25,3.6e-07,2,5.87316e-07
0.7999999999999999,2.7727272727272724e-14,2e-10,0,3.6e-07,2,6.00587e-07
0.7999999999999999,2.7727272727272724e-14,4e-10,-40,1.8e-07,2,7.17227e-07
0.7999999999999999,2.7727272727272724e-14,4e-10,-25,1.8e-07,2,7.12511e-07
0.7999999999999999,2.7727272727272724e-14,4e-10,0,3.6e-07,2,6.79381e-07
0.7999999999999999,2.7727272727272724e-14,4e-10,75,1.8e-07,2,6.10028e-07
0.7999999999999999,3.218181818181818e-14,1e-11,0,1.8e-07,2,5.45169e-07
0.7999999999999999,3.218181818181818e-14,1e-11,25,1.8e-07,2,5.41488e-07
0.7999999999999999,3.218181818181818e-14,1e-11,100,1.8e-07,2,5.36394e-07
0.7999999999999999,3.218181818181818e-14,1e-11,125,1.8e-07,2,5.35913e-07
0.7999999999999999,3.218181818181818e-14,1e-11,125,3.6e-07,2,5.5524e-07
0.7999999999999999,3.218181818181818e-14,5e-11,-40,1.8e-07,2,5.82205e-07
0.7999999999999999,3.218181818181818e-14,5e-11,-25,3.6e-07,2,5.83314e-07
0.7999999999999999,3.218181818181818e-14,5e-11,0,3.6e-07,2,5.84795e-07
0.7999999999999999,3.218181818181818e-14,5e-11,75,3.6e-07,2,5.79612e-07
0.7999999999999999,3.218181818181818e-14,5e-11,125,3.6e-07,2,5.67954e-07
0.7999999999999999,3.218181818181818e-14,1e-10,-25,1.8e-07,2,6.12768e-07
0.7999999999999999,3.218181818181818e-14,1e-10,0,1.8e-07,2,6.02585e-07
0.7999999999999999,3.218181818181818e-14,1e-10,0,3.6e-07,2,6.14831e-07
0.7999999999999999,3.218181818181818e-14,1e-10,25,1.8e-07,2,5.90362e-07
0.7999999999999999,3.218181818181818e-14,1e-10,100,3.6e-07,2,5.90114e-07
0.7999999999999999,3.218181818181818e-14,1e-10,125,3.6e-07,2,5.8338e-07
0.7999999999999999,3.218181818181818e-14,2e-10,-40,1.8e-07,2,6.78428e-07
0.7999999999999999,3.218181818181818e-14,2e-10,-40,3.6e-07,2,6.69144e-07
0.7999999999999999,3.218181818181818e-14,2e-10,0,1.8e-07,2,6.60647e-07
0.7999999999999999,3.218181818181818e-14,2e-10,25,3.6e-07,2,6.6066e-07
0.7999999999999999,3.218181818181818e-14,2e-10,75,1.8e-07,2,6.10263e-07
0.7999999999999999,3.218181818181818e-14,2e-10,75,3.6e-07,2,6.42545e-07
0.7999999999999999,3.218181818181818e-14,2e-10,100,1.8e-07,2,6.00286e-07
0.7999999999999999,3.218181818181818e-14,2e-10,100,3.6e-07,2,6.28036e-07
0.7999999999999999,3.218181818181818e-14,2e-10,125,3.6e-07,2,6.16412e-07
0.7999999999999999,3.218181818181818e-14,4e-10,-40,1.8e-07,2,7.94012e-07
0.7999999999999999,3.218181818181818e-14,4e-10,-25,1.8e-07,2,7.81528e-07
0.7999999999999999,3.218181818181818e-14,4e-10,0,1.8e-07,2,7.5654e-07
0.7999999999999999,3.218181818181818e-14,4e-10,0,3.6e-07,2,7.66207e-07
0.7999999999999999,3.218181818181818e-14,4e-10,75,3.6e-07,2,7.10715e-07
0.7999999999999999,3.218181818181818e-14,4e-10,100,3.6e-07,2,6.88319e-07
0.7999999999999999,3.218181818181818e-14,4e-10,125,3.6e-07,2,6.72892e-07
0.7999999999999999,3.6636363636363636e-14,1e-11,-40,3.6e-07,2,6.2911e-07
0.7999999999999999,3.6636363636363636e-14,1e-11,-25,1.8e-07,2,6.18509e-07
0.7999999999999999,3.6636363636363636e-14,1e-11,-25,3.6e-07,2,6.29e-07
0.7999999999999999,3.6636363636363636e-14,1e-11,0,1.8e-07,2,6.14578e-07
0.7999999999999999,3.6636363636363636e-14,1e-11,0,3.6e-07,2,6.32391e-07
0.7999999999999999,3.6636363636363636e-14,1e-11,25,1.8e-07,2,6.1166e-07
0.7999999999999999,3.6636363636363636e-14,1e-11,100,3.6e-07,2,6.27434e-07
0.7999999999999999,3.6636363636363636e-14,5e-11,-25,1.8e-07,2,6.46702e-07
0.7999999999999999,3.6636363636363636e-14,5e-11,0,3.6e-07,2,6.58692e-07
0.7999999999999999,3.6636363636363636e-14,5e-11,25,3.6e-07,2,6.62516e-07
0.7999999999999999,3.6636363636363636e-14,5e-11,75,3.6e-07,2,6.48666e-07
0.7999999999999999,3.6636363636363636e-14,1e-10,-40,1.8e-07,2,6.87442e-07
0.7999999999999999,3.6636363636363636e-14,1e-10,0,1.8e-07,2,6.71017e-07
0.7999999999999999,3.6636363636363636e-14,1e-10,25,3.6e-07,2,6.9245e-07
0.7999999999999999,3.6636363636363636e-14,1e-10,75,1.8e-07,2,6.42937e-07
0.7999999999999999,3.6636363636363636e-14,1e-10,100,3.6e-07,2,6.58873e-07
0.7999999999999999,3.6636363636363636e-14,1e-10,125,1.8e-07,2,6.34573e-07
0.7999999999999999,3.6636363636363636e-14,1e-10,125,3.6e-07,2,6.52706e-07
0.7999999999999999,3.6636363636363636e-14,2e-10,-40,1.8e-07,2,7.59216e-07
0.7999999999999999,3.6636363636363636e-14,2e-10,-40,3.6e-07,2,7.69979e-07
0.7999999999999999,3.6636363636363636e-14,2e-10,-25,3.6e-07,2,7.61105e-07
0.7999999999999999,3.6636363636363636e-14,2e-10,0,3.6e-07,2,7.47333e-07
0.7999999999999999,3.6636363636363636e-14,2e-10,25,3.6e-07,2,7.4149e-07
0.7999999999999999,3.6636363636363636e-14,2e-10,75,1.8e-07,2,6.80106e-07
0.7999999999999999,3.6636363636363636e-14,2e-10,100,1.8e-07,2,6.70678e-07
0.7999999999999999,3.6636363636363636e-14,2e-10,125,1.8e-07,2,6.6323e-07
0.7999999999999999,3.6636363636363636e-14,4e-10,25,3.6e-07,2,8.18834e-07
0.7999999999999999,3.6636363636363636e-14,4e-10,75,3.6e-07,2,7.79816e-07
0.7999999999999999,3.6636363636363636e-14,4e-10,100,1.8e-07,2,7.35742e-07
0.7999999999999999,4.109090909090909e-14,1e-11,-25,3.6e-07,2,6.99993e-07
0.7999999999999999,4.109090909090909e-14,1e-11,25,1.8e-07,2,6.82006e-07
0.7999999999999999,4.109090909090909e-14,1e-11,100,1.8e-07,2,6.78031e-07
0.7999999999999999,4.109090909090909e-14,5e-11,-40,1.8e-07,2,7.19483e-07
0.7999999999999999,4.109090909090909e-14,5e-11,-25,1.8e-07,2,7.14121e-07
0.7999999999999999,4.109090909090909e-14,5e-11,0,3.6e-07,2,7.33202e-07
0.7999999999999999,4.109090909090909e-14,5e-11,75,1.8e-07,2,6.96329e-07
0.7999999999999999,4.109090909090909e-14,5e-11,100,3.6e-07,2,7.10846e-07
0.7999999999999999,4.109090909090909e-14,5e-11,125,3.6e-07,2,7.07401e-07
0.7999999999999999,4.109090909090909e-14,1e-10,-25,1.8e-07,2,7.51629e-07
0.7999999999999999,4.109090909090909e-14,1e-10,-25,3.6e-07,2,7.63984e-07
0.7999999999999999,4.109090909090909e-14,1e-10,25,1.8e-07,2,7.29933e-07
0.7999999999999999,4.109090909090909e-14,1e-10,75,3.6e-07,2,7.36115e-07
0.7999999999999999,4.109090909090909e-14,1e-10,125,1.8e-07,2,7.05401e-07
0.7999999999999999,4.109090909090909e-14,2e-10,-25,3.6e-07,2,8.42657e-07
0.7999999999999999,4.109090909090909e-14,2e-10,0,3.6e-07,2,8.32132e-07
0.7999999999999999,4.109090909090909e-14,2e-10,75,1.8e-07,2,7.47242e-07
0.7999999999999999,4.109090909090909e-14,2e-10,100,1.8e-07,2,7.4125e-07
0.7999999999999999,4.109090909090909e-14,4e-10,-25,3.6e-07,2,9.32767e-07
0.7999999999999999,4.109090909090909e-14,4e-10,0,1.8e-07,2,8.93589e-07
0.7999999999999999,4.109090909090909e-14,4e-10,0,3.6e-07,2,9.10679e-07
0.7999999999999999,4.109090909090909e-14,4e-10,100,1.8e-07,2,8.06006e-07
0.7999999999999999,4.5545454545454544e-14,1e-11,-40,1.8e-07,2,7.59528e-07
0.7999999999999999,4.5545454545454544e-14,1e-11,-40,3.6e-07,2,7.72124e-07
0.7999999999999999,4.5545454545454544e-14,1e-11,-25,1.8e-07,2,7.57879e-07
0.7999999999999999,4.5545454545454544e-14,1e-11,-25,3.6e-07,2,7.75147e-07
0.7999999999999999,4.5545454545454544e-14,1e-11,0,3.6e-07,2,7.82336e-07
0.7999999999999999,4.5545454545454544e-14,1e-11,25,1.8e-07,2,7.52734e-07
0.7999999999999999,4.5545454545454544e-14,1e-11,75,3.6e-07,2,7.7029e-07
0.7999999999999999,4.5545454545454544e-14,5e-11,-40,3.6e-07,2,8.05451e-07
0.7999999999999999,4.5545454545454544e-14,5e-11,25,1.8e-07,2,7.72114e-07
0.7999999999999999,4.5545454545454544e-14,5e-11,25,3.6e-07,2,8.07263e-07
0.7999999999999999,4.5545454545454544e-14,5e-11,75,1.8e-07,2,7.67088e-07
0.7999999999999999,4.5545454545454544e-14,5e-11,75,3.6e-07,2,7.86766e-07
0.7999999999999999,4.5545454545454544e-14,5e-11,125,3.6e-07,2,7.77642e-07
0.7999999999999999,4.5545454545454544e-14,1e-10,-40,3.6e-07,2,8.48849e-07
0.7999999999999999,4.5545454545454544e-14,1e-10,-25,3.6e-07,2,8.29259e-07
0.7999999999999999,4.5545454545454544e-14,1e-10,0,1.8e-07,2,8.09377e-07
0.7999999999999999,4.5545454545454544e-14,1e-10,0,3.6e-07,2,8.3696e-07
0.7999999999999999,4.5545454545454544e-14,1e-10,25,3.6e-07,2,8.32075e-07
0.7999999999999999,4.5545454545454544e-14,1e-10,100,3.6e-07,2,7.97853e-07
0.7999999999999999,4.5545454545454544e-14,2e-10,-40,1.8e-07,2,9.0227e-07
0.7999999999999999,4.5545454545454544e-14,2e-10,-25,3.6e-07,2,9.15567e-07
0.7999999999999999,4.5545454545454544e-14,2e-10,0,1.8e-07,2,8.65008e-07
0.7999999999999999,4.5545454545454544e-14,2e-10,25,1.8e-07,2,8.47055e-07
0.7999999999999999,4.5545454545454544e-14,2e-10,75,1.8e-07,2,8.18014e-07
0.7999999999999999,4.5545454545454544e-14,2e-10,100,3.6e-07,2,8.34729e-07
0.7999999999999999,4.5545454545454544e-14,4e-10,0,1.8e-07,2,9.62955e-07
0.7999999999999999,4.5545454545454544e-14,4e-10,25,1.8e-07,2,9.34447e-07
0.7999999999999999,4.5545454545454544e-14,4e-10,125,1.8e-07,2,8.6297e-07
0.7999999999999999,4.5545454545454544e-14,4e-10,125,3.6e-07,2,8.81928e-07
0.7999999999999999,5e-14,1e-11,0,1.8e-07,2,8.25546e-07
0.7999999999999999,5e-14,1e-11,25,3.6e-07,2,8.5152e-07
0.7999999999999999,5e-14,1e-11,100,3.6e-07,2,8.37292e-07
0.7999999999999999,5e-14,5e-11,-40,3.6e-07,2,8.75713e-07
0.7999999999999999,5e-14,5e-11,0,3.6e-07,2,8.86785e-07
0.7999999999999999,5e-14,5e-11,25,3.6e-07,2,8.75718e-07
0.7999999999999999,5e-14,5e-11,100,1.8e-07,2,8.35337e-07
0.7999999999999999,5e-14,5e-11,125,1.8e-07,2,8.3345e-07
0.7999999999999999,5e-14,1e-10,-40,1.8e-07,2,8.93526e-07
0.7999999999999999,5e-14,1e-10,0,1.8e-07,2,8.79688e-07
0.7999999999999999,5e-14,1e-10,75,1.8e-07,2,8.5534e-07
0.7999999999999999,5e-14,1e-10,125,3.6e-07,2,8.62729e-07
0.7999999999999999,5e-14,2e-10,0,3.6e-07,2,9.70691e-07
0.7999999999999999,5e-14,2e-10,100,3.6e-07,2,9.04406e-07
0.7999999999999999,5e-14,4e-10,25,1.8e-07,2,1.00463e-06
0.7999999999999999,5e-14,4e-10,75,3.6e-07,2,9.86034e-07
0.7999999999999999,5e-14,4e-10,100,3.6e-07,2,9.6689e-07
0.7999999999999999,5e-14,4e-10,125,3.6e-07,2,9.52118e-07
0.8999999999999999,1e-15,1e-11,-40,1.8e-07,2,5.15758e-08
0.8999999999999999,1e-15,1e-11,-25,1.8e-07,2,5.03581e-08
0.8999999999999999,1e-15,1e-11,-25,3.6e-07,2,6.0046e-08
0.8999999999999999,1e-15,1e-11,125,1.8e-07,2,4.94163e-08
0.8999999999999999,1e-15,5e-11,-40,3.6e-07,2,7.74938e-08
0.8999999999999999,1e-15,5e-11,-25,1.8e-07,2,6.60669e-08
0.8999999999999999,1e-15,5e-11,125,1.8e-07,2,6.75319e-08
0.8999999999999999,1e-15,5e-11,125,3.6e-07,2,7.78002e-08
0.8999999999999999,1e-15,1e-10,25,3.6e-07,2,8.06012e-08
0.8999999999999999,1e-15,1e-10,100,1.8e-07,2,7.0664e-08
0.8999999999999999,1e-15,2e-10,-40,1.8e-07,2,7.96935e-08
0.8999999999999999,1e-15,2e-10,-25,3.6e-07,2,8.63983e-08
0.8999999999999999,1e-15,2e-10,0,1.8e-07,2,7.2274e-08
0.8999999999999999,1e-15,2e-10,100,3.6e-07,2,9.13785e-08
0.8999999999999999,1e-15,4e-10,25,3.6e-07,2,9.35343e-08
0.8999999999999999,1e-15,4e-10,100,1.8e-07,2,7.28745e-08
0.8999999999999999,5.454545454545455e-15,1e-11,-25,1.8e-07,2,1.4159e-07
0.8999999999999999,5.454545454545455e-15,1e-11,25,1.8e-07,2,1.44409e-07
0.8999999999999999,5.454545454545455e-15,1e-11,75,1.8e-07,2,1.44323e-07
0.8999999999999999,5.454545454545455e-15,1e-11,100,3.6e-07,2,1.55493e-07
0.8999999999999999,5.454545454545455e-15,5e-11,0,3.6e-07,2,1.83165e-07
0.8999999999999999,5.454545454545455e-15,5e-11,125,3.6e-07,2,1.78355e-07
0.8999999999999999,5.454545454545455e-15,1e-10,-40,3.6e-07,2,2.24977e-07
0.8999999999999999,5.454545454545455e-15,1e-10,-25,1.8e-07,2,2.23078e-07
0.8999999999999999,5.454545454545455e-15,1e-10,25,3.6e-07,2,2.14407e-07
0.8999999999999999,5.454545454545455e-15,1e-10,125,1.8e-07,2,1.88204e-07
0.8999999999999999,5.454545454545455e-15,2e-10,0,3.6e-07,2,2.60152e-07
0.8999999999999999,5.454545454545455e-15,2e-10,75,3.6e-07,2,2.45144e-07
0.8999999999999999,5.454545454545455e-15,2e-10,100,1.8e-07,2,2.3435e-07
0.8999999999999999,5.454545454545455e-15,2e-10,125,1.8e-07,2,2.27669e-07
0.8999999999999999,5.454545454545455e-15,4e-10,-40,3.6e-07,2,2.82006e-07
0.8999999999999999,5.454545454545455e-15,4e-10,-25,3.6e-07,2,2.78771e-07
0.8999999999999999,5.454545454545455e-15,4e-10,75,1.8e-07,2,2.61748e-07
0.8999999999999999,5.454545454545455e-15,4e-10,100,1.8e-07,2,2.64314e-07
0.8999999999999999,9.909090909090909e-15,1e-11,-25,1.8e-07,2,2.36751e-07
0.8999999999999999,9.909090909090909e-15,1e-11,0,1.8e-07,2,2.35646e-07
0.8999999999999999,9.909090909090909e-15,1e-11,25,3.6e-07,2,2.45741e-07
0.8999999999999999,9.909090909090909e-15,1e-11,125,1.8e-07,2,2.38478e-07
0.8999999999999999,9.909090909090909e-15,5e-11,-40,1.8e-07,2,2.79185e-07
0.8999999999999999,9.909090909090909e-15,5e-11,-25,3.6e-07,2,2.76644e-07
0.8999999999999999,9.909090909090909e-15,5e-11,100,3.6e-07,2,2.71193e-07
0.8999999999999999,9.909090909090909e-15,1e-10,-40,3.6e-07,2,3.33886e-07
0.8999999999999999,9.909090909090909e-15,1e-10,-25,3.6e-07,2,3.27704e-07
0.8999999999999999,9.909090909090909e-15,1e-10,25,1.8e-07,2,3.0467e-07
0.8999999999999999,9.909090909090909e-15,1e-10,75,1.8e-07,2,2.95251e-07
0.8999999999999999,9.909090909090909e-15,1e-10,100,3.6e-07,2,2.95646e-07
0.8999999999999999,9.909090909090909e-15,2e-10,-25,3.6e-07,2,3.75477e-07
0.8999999999999999,9.909090909090909e-15,2e-10,0,3.6e-07,2,3.8237e-07
0.8999999999999999,9.909090909090909e-15,2e-10,75,3.6e-07,2,3.49584e-07
0.8999999999999999,9.909090909090909e-15,2e-10,100,3.6e-07,2,3.37315e-07
0.8999999999999999,9.909090909090909e-15,4e-10,-25,3.6e-07,2,4.46976e-07
0.8999999999999999,9.909090909090909e-15,4e-10,125,3.6e-07,2,4.04809e-07
0.8999999999999999,1.436363636363636e-14,1e-11,-25,1.8e-07,2,3.26615e-07
0.8999999999999999,1.436363636363636e-14,1e-11,0,1.8e-07,2,3.2643e-07
0.8999999999999999,1.436363636363636e-14,1e-11,25,3.6e-07,2,3.36903e-07
0.8999999999999999,1.436363636363636e-14,5e-11,-40,1.8e-07,2,3.72272e-07
0.8999999999999999,1.436363636363636e-14,5e-11,-25,1.8e-07,2,3.67941e-07
0.8999999999999999,1.436363636363636e-14,5e-11,0,3.6e-07,2,3.74402e-07
0.8999999999999999,1.436363636363636e-14,5e-11,75,3.6e-07,2,3.64998e-07
0.8999999999999999,1.436363636363636e-14,1e-10,-40,3.6e-07,2,4.25538e-07
0.8999999999999999,1.436363636363636e-14,1e-10,0,1.8e-07,2,4.0774e-07
0.8999999999999999,1.436363636363636e-14,1e-10,25,1.8e-07,2,3.98202e-07
0.8999999999999999,1.436363636363636e-14,1e-10,100,3.6e-07,2,3.93304e-07
0.8999999999999999,1.436363636363636e-14,2e-10,100,1.8e-07,2,4.35138e-07
0.8999999999999999,1.436363636363636e-14,4e-10,-40,3.6e-07,2,6.3555e-07
0.8999999999999999,1.436363636363636e-14,4e-10,-25,3.6e-07,2,6.05514e-07
0.8999999999999999,1.436363636363636e-14,4e-10,25,3.6e-07,2,5.73461e-07
0.8999999999999999,1.436363636363636e-14,4e-10,125,1.8e-07,2,5.09888e-07
0.8999999999999999,1.8818181818181816e-14,1e-11,-40,1.8e-07,2,4.16269e-07
0.8999999999999999,1.8818181818181816e-14,1e-11,0,3.6e-07,2,4.29896e-07
0.8999999999999999,1.8818181818181816e-14,1e-11,25,3.6e-07,2,4.34685e-07
0.8999999999999999,1.8818181818181816e-14,1e-11,75,1.8e-07,2,4.22707e-07
0.8999999999999999,1.8818181818181816e-14,1e-11,125,1.8e-07,2,4.15788e-07
0.8999999999999999,1.8818181818181816e-14,5e-11,-40,3.6e-07,2,4.7754e-07
0.8999999999999999,1.8818181818181816e-14,5e-11,25,1.8e-07,2,4.54747e-07
0.8999999999999999,1.8818181818181816e-14,5e-11,75,3.6e-07,2,4.59258e-07
0.8999999999999999,1.8818181818181816e-14,1e-10,-40,3.6e-07,2,5.21484e-07
0.8999999999999999,1.8818181818181816e-14,1e-10,-25,3.6e-07,2,5.15251e-07
0.8999999999999999,1.8818181818181816e-14,1e-10,25,1.8e-07,2,4.8898e-07
0.8999999999999999,1.8818181818181816e-14,1e-10,75,3.6e-07,2,4.93454e-07
0.8999999999999999,1.8818181818181816e-14,4e-10,-40,1.8e-07,2,7.61186e-07
0.8999999999999999,1.8818181818181816e-14,4e-10,-25,1.8e-07,2,7.52175e-07
0.8999999999999999,1.8818181818181816e-14,4e-10,-25,3.6e-07,2,7.31174e-07
0.8999999999999999,1.8818181818181816e-14,4e-10,0,3.6e-07,2,6.93092e-07
0.8999999999999999,1.8818181818181816e-14,4e-10,25,3.6e-07,2,6.79263e-07
0.8999999999999999,1.8818181818181816e-14,4e-10,75,3.6e-07,2,6.47356e-07
0.8999999999999999,1.8818181818181816e-14,4e-10,100,3.6e-07,2,6.30977e-07
0.8999999999999999,2.327272727272727e-14,1e-11,-25,1.8e-07,2,5.09722e-07
0.8999999999999999,2.327272727272727e-14,1e-11,0,3.6e-07,2,5.21474e-07
0.8999999999999999,2.327272727272727e-14,1e-11,25,3.6e-07,2,5.22939e-07
0.8999999999999999,2.327272727272727e-14,1e-11,75,1.8e-07,2,5.08975e-07
0.8999999999999999,2.327272727272727e-14,1e-11,125,3.6e-07,2,5.38503e-07
0.8999999999999999,2.327272727272727e-14,5e-11,0,3.6e-07,2,5.59797e-07
0.8999999999999999,2.327272727272727e-14,5e-11,125,1.8e-07,2,5.26609e-07
0.8999999999999999,2.327272727272727e-14,1e-10,-40,3.6e-07,2,6.12916e-07
0.8999999999999999,2.327272727272727e-14,1e-10,0,1.8e-07,2,5.97266e-07
0.8999999999999999,2.327272727272727e-14,1e-10,100,1.8e-07,2,5.58288e-07
0.8999999999999999,2.327272727272727e-14,2e-10,-40,3.6e-07,2,7.05858e-07
0.8999999999999999,2.327272727272727e-14,2e-10,0,1.8e-07,2,6.76863e-07
0.8999999999999999,2.327272727272727e-14,4e-10,-40,3.6e-07,2,8.56176e-07
0.8999999999999999,2.327272727272727e-14,4e-10,75,1.8e-07,2,7.40969e-07
0.8999999999999999,2.7727272727272724e-14,1e-11,-25,1.8e-07,2,6.0243e-07
0.8999999999999999,2.7727272727272724e-14,1e-11,75,1.8e-07,2,5.9665e-07
0.8999999999999999,2.7727272727272724e-14,1e-11,100,3.6e-07,2,6.30267e-07
0.8999999999999999,2.7727272727272724e-14,5e-11,-40,1.8e-07,2,6.48515e-07
0.8999999999999999,2.7727272727272724e-14,5e-11,-25,1.8e-07,2,6.44389e-07
0.8999999999999999,2.7727272727272724e-14,5e-11,0,1.8e-07,2,6.44503e-07
0.8999999999999999,2.7727272727272724e-14,5e-11,100,1.8e-07,2,6.19455e-07
0.8999999999999999,2.7727272727272724e-14,1e-10,0,3.6e-07,2,7.03108e-07
0.8999999999999999,2.7727272727272724e-14,1e-10,75,1.8e-07,2,6.55847e-07
0.8999999999999999,2.7727272727272724e-14,1e-10,100,3.6e-07,2,6.82616e-07
0.8999999999999999,2.7727272727272724e-14,1e-10,125,3.6e-07,2,6.7528e-07
0.8999999999999999,2.7727272727272724e-14,2e-10,25,1.8e-07,2,7.56566e-07
0.8999999999999999,2.7727272727272724e-14,2e-10,100,1.8e-07,2,7.03149e-07
0.8999999999999999,2.7727272727272724e-14,2e-10,125,1.8e-07,2,6.89539e-07
0.8999999999999999,2.7727272727272724e-14,4e-10,-40,3.6e-07,2,9.4052e-07
0.8999999999999999,2.7727272727272724e-14,4e-10,-25,3.6e-07,2,9.42e-07
0.8999999999999999,2.7727272727272724e-14,4e-10,25,1.8e-07,2,9.0495e-07
0.8999999999999999,2.7727272727272724e-14,4e-10,75,1.8e-07,2,8.31406e-07
0.8999999999999999,2.7727272727272724e-14,4e-10,125,1.8e-07,2,7.81074e-07
0.8999999999999999,2.7727272727272724e-14,4e-10,125,3.6e-07,2,8.13366e-07
0.8999999999999999,3.218181818181818e-14,1e-11,-25,1.8e-07,2,7.00362e-07
0.8999999999999999,3.218181818181818e-14,1e-11,25,3.6e-07,2,7.14092e-07
0.8999999999999999,3.218181818181818e-14,1e-11,125,3.6e-07,2,7.13406e-07
0.8999999999999999,3.218181818181818e-14,5e-11,-40,3.6e-07,2,7.49323e-07
0.8999999999999999,3.218181818181818e-14,5e-11,-25,1.8e-07,2,7.42007e-07
0.8999999999999999,3.218181818181818e-14,5e-11,0,1.8e-07,2,7.35703e-07
0.8999999999999999,3.218181818181818e-14,1e-10,-40,3.6e-07,2,7.98767e-07
0.8999999999999999,3.218181818181818e-14,1e-10,-25,3.6e-07,2,8.06983e-07
0.8999999999999999,3.218181818181818e-14,1e-10,0,3.6e-07,2,7.95129e-07
0.8999999999999999,3.218181818181818e-14,1e-10,25,3.6e-07,2,7.83575e-07
0.8999999999999999,3.218181818181818e-14,2e-10,-40,1.8e-07,2,8.94074e-07
0.8999999999999999,3.218181818181818e-14,2e-10,0,1.8e-07,2,8.70194e-07
0.8999999999999999,3.218181818181818e-14,2e-10,25,1.8e-07,2,8.56139e-07
0.8999999999999999,3.218181818181818e-14,2e-10,100,1.8e-07,2,7.88971e-07
0.8999999999999999,3.218181818181818e-14,4e-10,-40,1.8e-07,2,1.0868e-06
0.8999999999999999,3.218181818181818e-14,4e-10,0,1.8e-07,2,1.03327e-06
0.8999999999999999,3.218181818181818e-14,4e-10,25,1.8e-07,2,9.93812e-07
0.8999999999999999,3.218181818181818e-14,4e-10,100,1.8e-07,2,8.92345e-07
0.8999999999999999,3.6636363636363636e-14,1e-11,-25,1.8e-07,2,7.90499e-07
0.8999999999999999,3.6636363636363636e-14,1e-11,0,1.8e-07,2,7.87182e-07
0.8999999999999999,3.6636363636363636e-14,1e-11,125,1.8e-07,2,7.71381e-07
0.8999999999999999,3.6636363636363636e-14,5e-11,-40,1.8e-07,2,8.31076e-07
0.8999999999999999,3.6636363636363636e-14,5e-11,0,1.8e-07,2,8.2621e-07
0.8999999999999999,3.6636363636363636e-14,5e-11,100,3.6e-07,2,8.29104e-07
0.8999999999999999,3.6636363636363636e-14,1e-10,-40,3.6e-07,2,8.78542e-07
0.8999999999999999,3.6636363636363636e-14,1e-10,-25,3.6e-07,2,8.9369e-07
0.8999999999999999,3.6636363636363636e-14,1e-10,75,1.8e-07,2,8.29788e-07
0.8999999999999999,3.6636363636363636e-14,1e-10,125,3.6e-07,2,8.48908e-07
0.8999999999999999,3.6636363636363636e-14,2e-10,0,1.8e-07,2,9.63821e-07
0.8999999999999999,3.6636363636363636e-14,4e-10,-40,1.8e-07,2,1.1866e-06
0.8999999999999999,3.6636363636363636e-14,4e-10,-25,1.8e-07,2,1.16205e-06
0.8999999999999999,3.6636363636363636e-14,4e-10,25,1.8e-07,2,1.08321e-06
0.8999999999999999,4.109090909090909e-14,1e-11,-25,1.8e-07,2,8.79387e-07
0.8999999999999999,4.109090909090909e-14,1e-11,25,1.8e-07,2,8.69141e-07
0.8999999999999999,4.109090909090909e-14,1e-11,75,1.8e-07,2,8.63116e-07
0.8999999999999999,4.109090909090909e-14,1e-11,100,1.8e-07,2,8.61678e-07
0.8999999999999999,4.109090909090909e-14,2e-10,125,1.8e-07,2,9.5617e-07
0.8999999999999999,4.109090909090909e-14,2e-10,125,3.6e-07,2,9.87627e-07
0.8999999999999999,4.109090909090909e-14,4e-10,-40,1.8e-07,2,1.26942e-06
0.8999999999999999,4.109090909090909e-14,4e-10,0,1.8e-07,2,1.22359e-06
0.8999999999999999,4.109090909090909e-14,4e-10,25,3.6e-07,2,1.2049e-06
0.8999999999999999,4.109090909090909e-14,4e-10,100,3.6e-07,2,1.10412e-06
0.8999999999999999,4.109090909090909e-14,4e-10,125,3.6e-07,2,1.07993e-06
0.8999999999999999,4.5545454545454544e-14,1e-11,0,1.8e-07,2,9.62022e-07
0.8999999999999999,4.5545454545454544e-14,5e-11,-25,3.6e-07,2,1.02673e-06
0.8999999999999999,4.5545454545454544e-14,5e-11,25,3.6e-07,2,1.03426e-06
0.8999999999999999,4.5545454545454544e-14,5e-11,125,3.6e-07,2,9.96879e-07
0.8999999999999999,4.5545454545454544e-14,1e-10,-25,1.8e-07,2,1.06742e-06
0.8999999999999999,4.5545454545454544e-14,1e-10,25,1.8e-07,2,1.03271e-06
0.8999999999999999,4.5545454545454544e-14,1e-10,75,3.6e-07,2,1.04953e-06
0.8999999999999999,4.5545454545454544e-14,2e-10,-40,1.8e-07,2,1.1719e-06
0.8999999999999999,4.5545454545454544e-14,2e-10,125,3.6e-07,2,1.076e-06
0.8999999999999999,4.5545454545454544e-14,4e-10,-40,3.6e-07,2,1.36592e-06
0.8999999999999999,4.5545454545454544e-14,4e-10,25,1.8e-07,2,1.26213e-06
0.8999999999999999,4.5545454545454544e-14,4e-10,75,1.8e-07,2,1.18677e-06
0.8999999999999999,4.5545454545454544e-14,4e-10,125,1.8e-07,2,1.13897e-06
0.8999999999999999,5e-14,1e-11,-25,1.8e-07,2,1.05498e-06
0.8999999999999999,5e-14,1e-11,0,1.8e-07,2,1.05051e-06
0.8999999999999999,5e-14,1e-11,25,1.8e-07,2,1.04685e-06
0.8999999999999999,5e-14,1e-11,75,1.8e-07,2,1.04212e-06
0.8999999999999999,5e-14,5e-11,25,1.8e-07,2,1.07951e-06
0.8999999999999999,5e-14,5e-11,100,1.8e-07,2,1.06568e-06
0.8999999999999999,5e-14,1e-10,-40,3.6e-07,2,1.18394e-06
0.8999999999999999,5e-14,1e-10,0,1.8e-07,2,1.13608e-06
0.8999999999999999,5e-14,1e-10,25,1.8e-07,2,1.12113e-06
0.8999999999999999,5e-14,1e-10,75,1.8e-07,2,1.0974e-06
0.8999999999999999,5e-14,1e-10,100,1.8e-07,2,1.09126e-06
0.8999999999999999,5e-14,1e-10,125,1.8e-07,2,1.08549e-06
0.8999999999999999,5e-14,2e-10,-40,1.8e-07,2,1.26056e-06
0.8999999999999999,5e-14,2e-10,-25,3.6e-07,2,1.26779e-06
0.8999999999999999,5e-14,2e-10,0,3.6e-07,2,1.23571e-06
0.8999999999999999,5e-14,2e-10,25,3.6e-07,2,1.25502e-06
0.8999999999999999,5e-14,2e-10,125,1.8e-07,2,1.13525e-06
0.8999999999999999,5e-14,4e-10,-25,3.6e-07,2,1.45615e-06
0.8999999999999999,5e-14,4e-10,25,1.8e-07,2,1.34889e-06
0.8999999999999999,5e-14,4e-10,100,3.6e-07,2,1.28004e-06
0.8999999999999999,5e-14,4e-10,125,3.6e-07,2,1.25599e-06
0.9999999999999999,1e-15,1e-11,-40,1.8e-07,2,6.38507e-08
0.9999999999999999,1e-15,1e-11,-25,3.6e-07,2,7.38904e-08
0.9999999999999999,1e-15,1e-11,0,3.6e-07,2,7.25034e-08
0.9999999999999999,1e-15,1e-11,100,3.6e-07,2,7.56733e-08
0.9999999999999999,1e-15,1e-11,125,3.6e-07,2,7.883e-08
0.9999999999999999,1e-15,5e-11,-40,3.6e-07,2,1.09191e-07
0.9999999999999999,1e-15,5e-11,0,1.8e-07,2,8.08671e-08
0.9999999999999999,1e-15,5e-11,25,1.8e-07,2,8.1489e-08
0.9999999999999999,1e-15,5e-11,25,3.6e-07,2,1.00087e-07
0.9999999999999999,1e-15,5e-11,125,3.6e-07,2,9.69191e-08
0.9999999999999999,1e-15,1e-10,-25,3.6e-07,2,1.11362e-07
0.9999999999999999,1e-15,1e-10,0,3.6e-07,2,1.03615e-07
0.9999999999999999,1e-15,1e-10,25,1.8e-07,2,7.70801e-08
0.9999999999999999,1e-15,1e-10,75,1.8e-07,2,8.5985e-08
0.9999999999999999,1e-15,1e-10,100,3.6e-07,2,1.11875e-07
0.9999999999999999,1e-15,1e-10,125,1.8e-07,2,8.84656e-08
0.9999999999999999,1e-15,2e-10,-25,1.8e-07,2,8.83169e-08
0.9999999999999999,1e-15,2e-10,100,3.6e-07,2,1.12911e-07
0.9999999999999999,1e-15,2e-10,125,1.8e-07,2,9.60026e-08
0.9999999999999999,1e-15,4e-10,-40,1.8e-07,2,1.39235e-07
0.9999999999999999,1e-15,4e-10,25,1.8e-07,2,1.21626e-07
0.9999999999999999,5.454545454545455e-15,1e-11,-40,1.8e-07,2,1.76325e-07
0.9999999999999999,5.454545454545455e-15,1e-11,125,1.8e-07,2,1.79904e-07
0.9999999999999999,5.454545454545455e-15,5e-11,0,1.8e-07,2,2.27149e-07
0.9999999999999999,5.454545454545455e-15,5e-11,125,1.8e-07,2,2.12332e-07
0.9999999999999999,5.454545454545455e-15,1e-10,75,1.8e-07,2,2.56692e-07
0.9999999999999999,5.454545454545455e-15,1e-10,125,1.8e-07,2,2.43767e-07
0.9999999999999999,5.454545454545455e-15,1e-10,125,3.6e-07,2,2.53196e-07
0.9999999999999999,5.454545454545455e-15,2e-10,-25,3.6e-07,2,3.29658e-07
0.9999999999999999,5.454545454545455e-15,2e-10,75,1.8e-07,2,3.13757e-07
0.9999999999999999,5.454545454545455e-15,4e-10,-40,3.6e-07,2,3.92978e-07
0.9999999999999999,5.454545454545455e-15,4e-10,0,3.6e-07,2,3.76914e-07
0.9999999999999999,5.454545454545455e-15,4e-10,75,1.8e-07,2,3.2351e-07
0.9999999999999999,5.454545454545455e-15,4e-10,100,3.6e-07,2,3.32183e-07
0.9999999999999999,9.909090909090909e-15,1e-11,-25,1.8e-07,2,2.92902e-07
0.9999999999999999,9.909090909090909e-15,1e-11,0,1.8e-07,2,2.90356e-07
0.9999999999999999,9.909090909090909e-15,1e-11,75,1.8e-07,2,2.94558e-07
0.9999999999999999,9.909090909090909e-15,1e-11,100,3.6e-07,2,3.10626e-07
0.9999999999999999,9.909090909090909e-15,5e-11,-40,1.8e-07,2,3.50515e-07
0.9999999999999999,9.909090909090909e-15,5e-11,-25,1.8e-07,2,3.48801e-07
0.9999999999999999,9.909090909090909e-15,5e-11,25,3.6e-07,2,3.52157e-07
0.9999999999999999,9.909090909090909e-15,5e-11,100,1.8e-07,2,3.29027e-07
0.9999999999999999,9.909090909090909e-15,5e-11,125,1.8e-07,2,3.26512e-07
0.9999999999999999,9.909090909090909e-15,1e-10,-40,3.6e-07,2,4.17187e-07
0.9999999999999999,9.909090909090909e-15,1e-10,-25,3.6e-07,2,4.10443e-07
0.9999999999999999,9.909090909090909e-15,2e-10,-25,1.8e-07,2,5.21276e-07
0.9999999999999999,9.909090909090909e-15,2e-10,0,3.6e-07,2,4.99862e-07
0.9999999999999999,9.909090909090909e-15,2e-10,25,3.6e-07,2,4.72767e-07
0.9999999999999999,9.909090909090909e-15,4e-10,25,3.6e-07,2,5.75157e-07
0.9999999999999999,1.436363636363636e-14,1e-11,-25,1.8e-07,2,4.01762e-07
0.9999999999999999,1.436363636363636e-14,1e-11,0,3.6e-07,2,4.1679e-07
0.9999999999999999,1.436363636363636e-14,1e-11,75,1.8e-07,2,4.07842e-07
0.9999999999999999,1.436363636363636e-14,5e-11,100,1.8e-07,2,4.44798e-07
0.9999999999999999,1.436363636363636e-14,1e-10,-40,1.8e-07,2,5.46377e-07
0.9999999999999999,1.436363636363636e-14,1e-10,0,1.8e-07,2,5.29318e-07
0.9999999999999999,1.436363636363636e-14,1e-10,25,1.8e-07,2,5.14562e-07
0.9999999999999999,1.436363636363636e-14,1e-10,100,1.8e-07,2,4.88324e-07
0.9999999999999999,1.436363636363636e-14,1e-10,125,1.8e-07,2,4.80615e-07
0.9999999999999999,1.436363636363636e-14,2e-10,-40,1.8e-07,2,6.6532e-07
0.9999999999999999,1.436363636363636e-14,2e-10,-25,1.8e-07,2,6.59844e-07
0.9999999999999999,1.436363636363636e-14,2e-10,-25,3.6e-07,2,6.32387e-07
0.9999999999999999,1.436363636363636e-14,2e-10,0,3.6e-07,2,6.22019e-07
0.9999999999999999,1.436363636363636e-14,2e-10,25,3.6e-07,2,6.00963e-07
0.9999999999999999,1.436363636363636e-14,2e-10,75,3.6e-07,2,5.79445e-07
0.9999999999999999,1.436363636363636e-14,4e-10,-40,1.8e-07,2,8.12363e-07
0.9999999999999999,1.436363636363636e-14,4e-10,0,1.8e-07,2,7.60681e-07
0.9999999999999999,1.8818181818181816e-14,1e-11,-40,3.6e-07,2,5.33541e-07
0.9999999999999999,1.8818181818181816e-14,1e-11,-25,1.8e-07,2,5.20345e-07
0.9999999999999999,1.8818181818181816e-14,1e-11,25,1.8e-07,2,5.24945e-07
0.9999999999999999,1.8818181818181816e-14,1e-11,100,1.8e-07,2,5.24823e-07
0.9999999999999999,1.8818181818181816e-14,5e-11,75,1.8e-07,2,5.6885e-07
0.9999999999999999,1.8818181818181816e-14,1e-10,-40,3.6e-07,2,6.60913e-07
0.9999999999999999,1.8818181818181816e-14,1e-10,-25,3.6e-07,2,6.63461e-07
0.9999999999999999,1.8818181818181816e-14,1e-10,0,3.6e-07,2,6.52868e-07
0.9999999999999999,1.8818181818181816e-14,2e-10,-40,1.8e-07,2,7.96903e-07
0.9999999999999999,1.8818181818181816e-14,2e-10,-25,1.8e-07,2,7.77137e-07
0.9999999999999999,1.8818181818181816e-14,2e-10,25,3.6e-07,2,7.37043e-07
0.9999999999999999,1.8818181818181816e-14,4e-10,-25,1.8e-07,2,9.67331e-07
0.9999999999999999,1.8818181818181816e-14,4e-10,0,3.6e-07,2,9.17537e-07
0.9999999999999999,1.8818181818181816e-14,4e-10,75,1.8e-07,2,8.51336e-07
0.9999999999999999,1.8818181818181816e-14,4e-10,125,3.6e-07,2,7.84696e-07
0.9999999999999999,2.327272727272727e-14,1e-11,25,3.6e-07,2,6.51032e-07
0.9999999999999999,2.327272727272727e-14,1e-11,100,1.8e-07,2,6.31496e-07
0.9999999999999999,2.327272727272727e-14,5e-11,-40,3.6e-07,2,7.06462e-07
0.9999999999999999,2.327272727272727e-14,5e-11,-25,3.6e-07,2,7.05282e-07
0.9999999999999999,2.327272727272727e-14,5e-11,0,3.6e-07,2,7.04939e-07
0.9999999999999999,2.327272727272727e-14,1e-10,-40,3.6e-07,2,7.79276e-07
0.9999999999999999,2.327272727272727e-14,1e-10,0,1.8e-07,2,7.54152e-07
0.9999999999999999,2.327272727272727e-14,1e-10,25,1.8e-07,2,7.46583e-07
0.9999999999999999,2.327272727272727e-14,1e-10,125,1.8e-07,2,6.99251e-07
0.9999999999999999,2.327272727272727e-14,2e-10,-25,1.8e-07,2,8.92743e-07
0.9999999999999999,2.327272727272727e-14,2e-10,0,1.8e-07,2,8.89948e-07
0.9999999999999999,2.327272727272727e-14,2e-10,25,1.8e-07,2,8.60952e-07
0.9999999999999999,2.327272727272727e-14,2e-10,125,1.8e-07,2,7.70591e-07
0.9999999999999999,2.327272727272727e-14,4e-10,-40,3.6e-07,2,1.1414e-06
0.9999999999999999,2.7727272727272724e-14,1e-11,-40,3.6e-07,2,7.55794e-07
0.9999999999999999,2.7727272727272724e-14,1e-11,-25,1.8e-07,2,7.41119e-07
0.9999999999999999,2.7727272727272724e-14,1e-11,0,3.6e-07,2,7.60112e-07
0.9999999999999999,2.7727272727272724e-14,5e-11,-25,1.8e-07,2,8.09874e-07
0.9999999999999999,2.7727272727272724e-14,5e-11,125,3.6e-07,2,8.12556e-07
0.9999999999999999,2.7727272727272724e-14,1e-10,-40,1.8e-07,2,8.80166e-07
0.9999999999999999,2.7727272727272724e-14,1e-10,-25,1.8e-07,2,8.82222e-07
0.9999999999999999,2.7727272727272724e-14,1e-10,125,1.8e-07,2,8.07436e-07
0.9999999999999999,2.7727272727272724e-14,2e-10,-40,1.8e-07,2,1.03024e-06
0.9999999999999999,2.7727272727272724e-14,2e-10,25,1.8e-07,2,9.70248e-07
0.9999999999999999,2.7727272727272724e-14,2e-10,25,3.6e-07,2,9.82645e-07
0.9999999999999999,2.7727272727272724e-14,2e-10,75,1.8e-07,2,9.24244e-07
0.9999999999999999,2.7727272727272724e-14,4e-10,-25,1.8e-07,2,1.25907e-06
0.9999999999999999,3.218181818181818e-14,1e-11,-25,3.6e-07,2,8.72971e-07
0.9999999999999999,3.218181818181818e-14,1e-11,0,1.8e-07,2,8.63446e-07
0.9999999999999999,3.218181818181818e-14,1e-11,75,1.8e-07,2,8.52279e-07
0.9999999999999999,3.218181818181818e-14,1e-11,125,1.8e-07,2,8.46703e-07
0.9999999999999999,3.218181818181818e-14,5e-11,-25,3.6e-07,2,9.40036e-07
0.9999999999999999,3.218181818181818e-14,5e-11,0,3.6e-07,2,9.32108e-07
0.9999999999999999,3.218181818181818e-14,1e-10,-25,1.8e-07,2,1.00174e-06
0.9999999999999999,3.218181818181818e-14,1e-10,0,1.8e-07,2,9.91802e-07
0.9999999999999999,3.218181818181818e-14,2e-10,0,1.8e-07,2,1.1116e-06
0.9999999999999999,3.218181818181818e-14,2e-10,125,1.8e-07,2,9.895e-07
0.9999999999999999,3.218181818181818e-14,4e-10,-25,3.6e-07,2,1.36072e-06
0.9999999999999999,3.218181818181818e-14,4e-10,0,3.6e-07,2,1.32515e-06
0.9999999999999999,3.218181818181818e-14,4e-10,25,3.6e-07,2,1.2849e-06
0.9999999999999999,3.218181818181818e-14,4e-10,125,1.8e-07,2,1.12952e-06
0.9999999999999999,3.6636363636363636e-14,1e-11,-40,3.6e-07,2,9.85323e-07
0.9999999999999999,3.6636363636363636e-14,1e-11,0,3.6e-07,2,9.95874e-07
0.9999999999999999,3.6636363636363636e-14,5e-11,-40,3.6e-07,2,1.05102e-06
0.9999999999999999,3.6636363636363636e-14,5e-11,0,3.6e-07,2,1.05881e-06
0.9999999999999999,3.6636363636363636e-14,5e-11,100,1.8e-07,2,9.92758e-07
0.9999999999999999,3.6636363636363636e-14,5e-11,125,1.8e-07,2,9.89378e-07
0.9999999999999999,3.6636363636363636e-14,1e-10,25,3.6e-07,2,1.10942e-06
0.9999999999999999,3.6636363636363636e-14,1e-10,125,1.8e-07,2,1.02626e-06
0.9999999999999999,3.6636363636363636e-14,2e-10,-25,3.6e-07,2,1.26279e-06
0.9999999999999999,3.6636363636363636e-14,2e-10,25,1.8e-07,2,1.20226e-06
0.9999999999999999,3.6636363636363636e-14,2e-10,75,3.6e-07,2,1.18221e-06
0.9999999999999999,3.6636363636363636e-14,4e-10,0,1.8e-07,2,1.46257e-06
0.9999999999999999,3.6636363636363636e-14,4e-10,0,3.6e-07,2,1.44313e-06
0.9999999999999999,3.6636363636363636e-14,4e-10,25,1.8e-07,2,1.41553e-06
0.9999999999999999,4.109090909090909e-14,1e-11,-40,3.6e-07,2,1.09648e-06
0.9999999999999999,4.109090909090909e-14,1e-11,0,3.6e-07,2,1.11722e-06
0.9999999999999999,4.109090909090909e-14,1e-11,75,1.8e-07,2,1.07084e-06
0.9999999999999999,4.109090909090909e-14,1e-11,100,1.8e-07,2,1.06821e-06
0.9999999999999999,4.109090909090909e-14,1e-11,125,3.6e-07,2,1.10776e-06
0.9999999999999999,4.109090909090909e-14,5e-11,-25,1.8e-07,2,1.15285e-06
0.9999999999999999,4.109090909090909e-14,5e-11,-25,3.6e-07,2,1.16918e-06
0.9999999999999999,4.109090909090909e-14,5e-11,25,3.6e-07,2,1.16232e-06
0.9999999999999999,4.109090909090909e-14,5e-11,75,3.6e-07,2,1.16682e-06
0.9999999999999999,4.109090909090909e-14,5e-11,125,1.8e-07,2,1.09955e-06
0.9999999999999999,4.109090909090909e-14,1e-10,25,3.6e-07,2,1.24436e-06
0.9999999999999999,4.109090909090909e-14,2e-10,-40,3.6e-07,2,1.39353e-06
0.9999999999999999,4.109090909090909e-14,2e-10,0,3.6e-07,2,1.35681e-06
0.9999999999999999,4.109090909090909e-14,4e-10,-40,3.6e-07,2,1.60244e-06
0.9999999999999999,4.109090909090909e-14,4e-10,-25,3.6e-07,2,1.57804e-06
0.9999999999999999,4.109090909090909e-14,4e-10,25,1.8e-07,2,1.52911e-06
0.9999999999999999,4.109090909090909e-14,4e-10,125,3.6e-07,2,1.40419e-06
0.9999999999999999,4.5545454545454544e-14,1e-11,0,3.6e-07,2,1.22731e-06
0.9999999999999999,4.5545454545454544e-14,1e-11,25,3.6e-07,2,1.22723e-06
0.9999999999999999,4.5545454545454544e-14,1e-11,100,1.8e-07,2,1.17866e-06
0.9999999999999999,4.5545454545454544e-14,5e-11,0,1.8e-07,2,1.25609e-06
0.9999999999999999,4.5545454545454544e-14,5e-11,0,3.6e-07,2,1.27345e-06
0.9999999999999999,4.5545454545454544e-14,1e-10,0,3.6e-07,2,1.33545e-06
0.9999999999999999,4.5545454545454544e-14,1e-10,25,3.6e-07,2,1.33711e-06
0.9999999999999999,4.5545454545454544e-14,1e-10,100,3.6e-07,2,1.30477e-06
0.9999999999999999,4.5545454545454544e-14,2e-10,-25,1.8e-07,2,1.48726e-06
0.9999999999999999,4.5545454545454544e-14,2e-10,0,1.8e-07,2,1.45606e-06
0.9999999999999999,4.5545454545454544e-14,2e-10,100,1.8e-07,2,1.33918e-06
0.9999999999999999,4.5545454545454544e-14,2e-10,125,3.6e-07,2,1.36324e-06
0.9999999999999999,4.5545454545454544e-14,4e-10,0,3.6e-07,2,1.68888e-06
0.9999999999999999,4.5545454545454544e-14,4e-10,125,3.6e-07,2,1.50579e-06
0.9999999999999999,5e-14,1e-11,-40,3.6e-07,2,1.32267e-06
0.9999999999999999,5e-14,1e-11,75,1.8e-07,2,1.29112e-06
0.9999999999999999,5e-14,1e-11,125,3.6e-07,2,1.32404e-06
0.9999999999999999,5e-14,5e-11,-25,1.8e-07,2,1.37739e-06
0.9999999999999999,5e-14,5e-11,0,3.6e-07,2,1.38863e-06
0.9999999999999999,5e-14,5e-11,25,3.6e-07,2,1.38886e-06
0.9999999999999999,5e-14,5e-11,75,3.6e-07,2,1.38305e-06
0.9999999999999999,5e-14,1e-10,25,3.6e-07,2,1.45486e-06
0.9999999999999999,5e-14,1e-10,75,1.8e-07,2,1.37973e-06
0.9999999999999999,5e-14,1e-10,100,3.6e-07,2,1.41215e-06
0.9999999999999999,5e-14,1e-10,125,3.6e-07,2,1.39662e-06
0.9999999999999999,5e-14,2e-10,-40,3.6e-07,2,1.62128e-06
0.9999999999999999,5e-14,4e-10,-25,1.8e-07,2,1.87465e-06
0.9999999999999999,5e-14,4e-10,25,3.6e-07,2,1.7858e-06
1.0999999999999999,1e-15,1e-11,-40,3.6e-07,2,8.90313e-08
1.0999999999999999,1e-15,1e-11,0,1.8e-07,2,7.77145e-08
1.0999999999999999,1e-15,1e-11,25,3.6e-07,2,8.90092e-08
1.0999999999999999,1e-15,1e-11,75,3.6e-07,2,9.32857e-08
1.0999999999999999,1e-15,1e-11,100,1.8e-07,2,7.8612e-08
1.0999999999999999,1e-15,5e-11,0,1.8e-07,2,9.34822e-08
1.0999999999999999,1e-15,5e-11,25,3.6e-07,2,1.33567e-07
1.0999999999999999,1e-15,5e-11,100,3.6e-07,2,1.23911e-07
1.0999999999999999,1e-15,1e-10,125,1.8e-07,2,1.09213e-07
1.0999999999999999,1e-15,2e-10,-25,1.8e-07,2,1.46933e-07
1.0999999999999999,1e-15,2e-10,0,3.6e-07,2,1.66927e-07
1.0999999999999999,1e-15,2e-10,75,3.6e-07,2,1.56091e-07
1.0999999999999999,1e-15,4e-10,-25,3.6e-07,2,2.93319e-07
1.0999999999999999,1e-15,4e-10,125,1.8e-07,2,1.60778e-07
1.0999999999999999,5.454545454545455e-15,1e-11,-25,3.6e-07,2,2.31479e-07
1.0999999999999999,5.454545454545455e-15,1e-11,75,1.8e-07,2,2.2031e-07
1.0999999999999999,5.454545454545455e-15,1e-11,125,3.6e-07,2,2.42548e-07
1.0999999999999999,5.454545454545455e-15,5e-11,0,1.8e-07,2,2.88772e-07
1.0999999999999999,5.454545454545455e-15,5e-11,75,1.8e-07,2,2.71924e-07
1.0999999999999999,5.454545454545455e-15,5e-11,75,3.6e-07,2,2.80627e-07
1.0999999999999999,5.454545454545455e-15,5e-11,100,1.8e-07,2,2.65369e-07
1.0999999999999999,5.454545454545455e-15,5e-11,125,1.8e-07,2,2.61723e-07
1.0999999999999999,5.454545454545455e-15,1e-10,-40,1.8e-07,2,3.71176e-07
1.0999999999999999,5.454545454545455e-15,1e-10,75,1.8e-07,2,3.26001e-07
1.0999999999999999,5.454545454545455e-15,1e-10,100,3.6e-07,2,3.31187e-07
1.0999999999999999,5.454545454545455e-15,1e-10,125,3.6e-07,2,3.29109e-07
1.0999999999999999,5.454545454545455e-15,2e-10,75,1.8e-07,2,3.88832e-07
1.0999999999999999,5.454545454545455e-15,2e-10,125,3.6e-07,2,3.75764e-07
1.0999999999999999,5.454545454545455e-15,4e-10,-40,3.6e-07,2,5.96573e-07
1.0999999999999999,5.454545454545455e-15,4e-10,-25,3.6e-07,2,5.7633e-07
1.0999999999999999,9.909090909090909e-15,1e-11,-40,3.6e-07,2,3.66704e-07
1.0999999999999999,9.909090909090909e-15,1e-11,0,1.8e-07,2,3.54344e-07
1.0999999999999999,9.909090909090909e-15,1e-11,25,3.6e-07,2,3.70356e-07
1.0999999999999999,9.909090909090909e-15,1e-11,75,1.8e-07,2,3.60967e-07
1.0999999999999999,9.909090909090909e-15,1e-11,100,1.8e-07,2,3.62029e-07
1.0999999999999999,9.909090909090909e-15,5e-11,-40,1.8e-07,2,4.39836e-07
1.0999999999999999,9.909090909090909e-15,5e-11,-25,3.6e-07,2,4.50674e-07
1.0999999999999999,9.909090909090909e-15,5e-11,100,3.6e-07,2,4.23927e-07
1.0999999999999999,9.909090909090909e-15,5e-11,125,3.6e-07,2,4.19305e-07
1.0999999999999999,9.909090909090909e-15,1e-10,25,3.6e-07,2,5.01621e-07
1.0999999999999999,9.909090909090909e-15,1e-10,75,1.8e-07,2,4.73483e-07
1.0999999999999999,9.909090909090909e-15,1e-10,100,1.8e-07,2,4.62084e-07
1.0999999999999999,9.909090909090909e-15,2e-10,125,1.8e-07,2,5.47667e-07
1.0999999999999999,9.909090909090909e-15,2e-10,125,3.6e-07,2,5.51202e-07
1.0999999999999999,9.909090909090909e-15,4e-10,75,3.6e-07,2,7.17211e-07
1.0999999999999999,1.436363636363636e-14,1e-11,-40,1.8e-07,2,4.87923e-07
1.0999999999999999,1.436363636363636e-14,1e-11,0,1.8e-07,2,4.94743e-07
1.0999999999999999,1.436363636363636e-14,1e-11,25,1.8e-07,2,4.91634e-07
1.0999999999999999,1.436363636363636e-14,1e-11,125,1.8e-07,2,5.03276e-07
1.0999999999999999,1.436363636363636e-14,1e-11,125,3.6e-07,2,5.20204e-07
1.0999999999999999,1.436363636363636e-14,5e-11,-40,3.6e-07,2,5.9517e-07
1.0999999999999999,1.436363636363636e-14,5e-11,0,1.8e-07,2,5.6961e-07
1.0999999999999999,1.436363636363636e-14,1e-10,0,1.8e-07,2,6.60199e-07
1.0999999999999999,1.436363636363636e-14,1e-10,75,1.8e-07,2,6.14916e-07
1.0999999999999999,1.436363636363636e-14,1e-10,100,1.8e-07,2,6.04752e-07
1.0999999999999999,1.436363636363636e-14,2e-10,0,1.8e-07,2,8.1437e-07
1.0999999999999999,1.436363636363636e-14,2e-10,0,3.6e-07,2,8.12082e-07
1.0999999999999999,1.436363636363636e-14,2e-10,100,3.6e-07,2,7.1501e-07
1.0999999999999999,1.436363636363636e-14,4e-10,-25,1.8e-07,2,9.87357e-07
1.0999999999999999,1.436363636363636e-14,4e-10,-25,3.6e-07,2,1.06097e-06
1.0999999999999999,1.436363636363636e-14,4e-10,0,1.8e-07,2,9.70092e-07
1.0999999999999999,1.8818181818181816e-14,1e-11,-25,1.8e-07,2,6.30003e-07
1.0999999999999999,1.8818181818181816e-14,1e-11,0,3.6e-07,2,6.53571e-07
1.0999999999999999,1.8818181818181816e-14,1e-11,100,1.8e-07,2,6.42176e-07
1.0999999999999999,1.8818181818181816e-14,1e-11,125,1.8e-07,2,6.3853e-07
1.0999999999999999,1.8818181818181816e-14,5e-11,100,3.6e-07,2,7.11341e-07
1.0999999999999999,1.8818181818181816e-14,1e-10,-25,3.6e-07,2,8.19702e-07
1.0999999999999999,1.8818181818181816e-14,2e-10,-40,3.6e-07,2,9.68772e-07
1.0999999999999999,1.8818181818181816e-14,2e-10,100,3.6e-07,2,8.75619e-07
1.0999999999999999,2.327272727272727e-14,1e-11,100,1.8e-07,2,7.73066e-07
1.0999999999999999,2.327272727272727e-14,5e-11,-40,3.6e-07,2,8.68979e-07
1.0999999999999999,2.327272727272727e-14,5e-11,-25,3.6e-07,2,8.67014e-07
1.0999999999999999,2.327272727272727e-14,5e-11,25,3.6e-07,2,8.60678e-07
1.0999999999999999,2.327272727272727e-14,5e-11,75,1.8e-07,2,8.38402e-07
1.0999999999999999,2.327272727272727e-14,5e-11,125,1.8e-07,2,8.12751e-07
1.0999999999999999,2.327272727272727e-14,1e-10,0,1.8e-07,2,9.4086e-07
1.0999999999999999,2.327272727272727e-14,1e-10,25,1.8e-07,2,9.27927e-07
1.0999999999999999,2.327272727272727e-14,1e-10,75,1.8e-07,2,9.01787e-07
1.0999999999999999,2.327272727272727e-14,1e-10,125,1.8e-07,2,8.64497e-07
1.0999999999999999,2.327272727272727e-14,2e-10,-40,1.8e-07,2,1.15703e-06
1.0999999999999999,2.327272727272727e-14,2e-10,-25,1.8e-07,2,1.13597e-06
1.0999999999999999,2.327272727272727e-14,2e-10,-25,3.6e-07,2,1.11576e-06
1.0999999999999999,2.327272727272727e-14,2e-10,25,1.8e-07,2,1.0791e-06
1.0999999999999999,2.327272727272727e-14,2e-10,100,1.8e-07,2,9.9676e-07
1.0999999999999999,2.327272727272727e-14,2e-10,125,1.8e-07,2,9.67331e-07
1.0999999999999999,2.327272727272727e-14,4e-10,-25,1.8e-07,2,1.41936e-06
1.0999999999999999,2.327272727272727e-14,4e-10,0,1.8e-07,2,1.38588e-06
1.0999999999999999,2.327272727272727e-14,4e-10,25,3.6e-07,2,1.31398e-06
1.0999999999999999,2.7727272727272724e-14,1e-11,-25,1.8e-07,2,9.03934e-07
1.0999999999999999,2.7727272727272724e-14,5e-11,-40,3.6e-07,2,1.00655e-06
1.0999999999999999,2.7727272727272724e-14,5e-11,-25,1.8e-07,2,9.88743e-07
1.0999999999999999,2.7727272727272724e-14,5e-11,0,1.8e-07,2,9.91234e-07
1.0999999999999999,2.7727272727272724e-14,5e-11,0,3.6e-07,2,9.97676e-07
1.0999999999999999,2.7727272727272724e-14,5e-11,25,3.6e-07,2,9.95322e-07
1.0999999999999999,2.7727272727272724e-14,5e-11,100,3.6e-07,2,9.90435e-07
1.0999999999999999,2.7727272727272724e-14,1e-10,-40,3.6e-07,2,1.10851e-06
1.0999999999999999,2.7727272727272724e-14,1e-10,-25,1.8e-07,2,1.0854e-06
1.0999999999999999,2.7727272727272724e-14,1e-10,75,1.8e-07,2,1.03328e-06
1.0999999999999999,2.7727272727272724e-14,2e-10,-40,3.6e-07,2,1.28189e-06
1.0999999999999999,2.7727272727272724e-14,4e-10,-40,3.6e-07,2,1.59735e-06
1.0999999999999999,2.7727272727272724e-14,4e-10,0,3.6e-07,2,1.51328e-06
1.0999999999999999,2.7727272727272724e-14,4e-10,25,3.6e-07,2,1.47415e-06
1.0999999999999999,3.218181818181818e-14,1e-11,0,1.8e-07,2,1.0431e-06
1.0999999999999999,3.218181818181818e-14,1e-11,100,1.8e-07,2,1.03394e-06
1.0999999999999999,3.218181818181818e-14,1e-11,125,3.6e-07,2,1.09321e-06
1.0999999999999999,3.218181818181818e-14,5e-11,-25,1.8e-07,2,1.12757e-06
1.0999999999999999,3.218181818181818e-14,5e-11,0,3.6e-07,2,1.1387e-06
1.0999999999999999,3.218181818181818e-14,5e-11,25,3.6e-07,2,1.13418e-06
1.0999999999999999,3.218181818181818e-14,1e-10,-40,3.6e-07,2,1.2539e-06
1.0999999999999999,3.218181818181818e-14,1e-10,0,1.8e-07,2,1.21486e-06
1.0999999999999999,3.218181818181818e-14,1e-10,75,3.6e-07,2,1.19512e-06
1.0999999999999999,3.218181818181818e-14,1e-10,100,3.6e-07,2,1.19444e-06
1.0999999999999999,3.218181818181818e-14,2e-10,-40,3.6e-07,2,1.42622e-06
1.0999999999999999,3.218181818181818e-14,2e-10,125,3.6e-07,2,1.28025e-06
1.0999999999999999,3.218181818181818e-14,4e-10,-40,1.8e-07,2,1.78017e-06
1.0999999999999999,3.218181818181818e-14,4e-10,75,1.8e-07,2,1.54069e-06
1.0999999999999999,3.218181818181818e-14,4e-10,125,3.6e-07,2,1.45315e-06
1.0999999999999999,3.6636363636363636e-14,1e-11,25,1.8e-07,2,1.18893e-06
1.0999999999999999,3.6636363636363636e-14,1e-11,75,3.6e-07,2,1.21966e-06
1.0999999999999999,3.6636363636363636e-14,5e-11,0,1.8e-07,2,1.26229e-06
1.0999999999999999,3.6636363636363636e-14,5e-11,125,3.6e-07,2,1.27274e-06
1.0999999999999999,3.6636363636363636e-14,1e-10,-40,3.6e-07,2,1.39439e-06
1.0999999999999999,3.6636363636363636e-14,1e-10,25,1.8e-07,2,1.34526e-06
1.0999999999999999,3.6636363636363636e-14,1e-10,75,3.6e-07,2,1.34231e-06
1.0999999999999999,3.6636363636363636e-14,2e-10,-40,3.6e-07,2,1.56353e-06
1.0999999999999999,3.6636363636363636e-14,2e-10,75,3.6e-07,2,1.46331e-06
1.0999999999999999,3.6636363636363636e-14,4e-10,-40,3.6e-07,2,1.88978e-06
1.0999999999999999,3.6636363636363636e-14,4e-10,75,3.6e-07,2,1.68686e-06
1.0999999999999999,3.6636363636363636e-14,4e-10,100,3.6e-07,2,1.6451e-06
1.0999999999999999,4.109090909090909e-14,1e-11,25,1.8e-07,2,1.31919e-06
1.0999999999999999,4.109090909090909e-14,1e-11,75,3.6e-07,2,1.37855e-06
1.0999999999999999,4.109090909090909e-14,5e-11,-40,3.6e-07,2,1.42343e-06
1.0999999999999999,4.109090909090909e-14,1e-10,-40,1.8e-07,2,1.51644e-06
1.0999999999999999,4.109090909090909e-14,1e-10,-25,3.6e-07,2,1.51967e-06
1.0999999999999999,4.109090909090909e-14,1e-10,100,3.6e-07,2,1.47875e-06
1.0999999999999999,4.109090909090909e-14,1e-10,125,1.8e-07,2,1.39572e-06
1.0999999999999999,4.109090909090909e-14,2e-10,-25,1.8e-07,2,1.71388e-06
1.0999999999999999,4.109090909090909e-14,2e-10,25,3.6e-07,2,1.64584e-06
1.0999999999999999,4.109090909090909e-14,2e-10,125,3.6e-07,2,1.55905e-06
1.0999999999999999,4.109090909090909e-14,4e-10,-40,1.8e-07,2,2.10061e-06
1.0999999999999999,4.109090909090909e-14,4e-10,0,3.6e-07,2,1.94917e-06
1.0999999999999999,4.109090909090909e-14,4e-10,75,1.8e-07,2,1.80018e-06
1.0999999999999999,4.5545454545454544e-14,1e-11,-25,1.8e-07,2,1.45787e-06
1.0999999999999999,4.5545454545454544e-14,1e-11,0,3.6e-07,2,1.47765e-06
1.0999999999999999,4.5545454545454544e-14,5e-11,-25,1.8e-07,2,1.54397e-06
1.0999999999999999,4.5545454545454544e-14,5e-11,25,1.8e-07,2,1.51986e-06
1.0999999999999999,4.5545454545454544e-14,5e-11,75,1.8e-07,2,1.49056e-06
1.0999999999999999,4.5545454545454544e-14,5e-11,125,1.8e-07,2,1.47377e-06
1.0999999999999999,4.5545454545454544e-14,1e-10,-40,3.6e-07,2,1.67043e-06
1.0999999999999999,4.5545454545454544e-14,1e-10,-25,1.8e-07,2,1.64481e-06
1.0999999999999999,4.5545454545454544e-14,1e-10,25,1.8e-07,2,1.60814e-06
1.0999999999999999,4.5545454545454544e-14,1e-10,125,1.8e-07,2,1.52778e-06
1.0999999999999999,4.5545454545454544e-14,2e-10,-40,3.6e-07,2,1.86948e-06
1.0999999999999999,4.5545454545454544e-14,2e-10,-25,1.8e-07,2,1.8436e-06
1.0999999999999999,4.5545454545454544e-14,2e-10,75,1.8e-07,2,1.685e-06
1.0999999999999999,4.5545454545454544e-14,4e-10,-40,3.6e-07,2,2.19869e-06
1.0999999999999999,4.5545454545454544e-14,4e-10,-25,1.8e-07,2,2.23982e-06
1.0999999999999999,4.5545454545454544e-14,4e-10,0,1.8e-07,2,2.17663e-06
1.0999999999999999,4.5545454545454544e-14,4e-10,75,1.8e-07,2,1.93629e-06
1.0999999999999999,4.5545454545454544e-14,4e-10,125,1.8e-07,2,1.83358e-06
1.0999999999999999,5e-14,1e-11,-25,1.8e-07,2,1.59272e-06
1.0999999999999999,5e-14,1e-11,75,1.8e-07,2,1.5681e-06
1.0999999999999999,5e-14,5e-11,-40,3.6e-07,2,1.69095e-06
1.0999999999999999,5e-14,5e-11,-25,1.8e-07,2,1.67867e-06
1.0999999999999999,5e-14,1e-10,0,3.6e-07,2,1.78851e-06
1.0999999999999999,5e-14,1e-10,75,3.6e-07,2,1.76539e-06
1.0999999999999999,5e-14,1e-10,125,3.6e-07,2,1.71621e-06
1.0999999999999999,5e-14,2e-10,-25,3.6e-07,2,2.00283e-06
1.0999999999999999,5e-14,2e-10,100,3.6e-07,2,1.85484e-06
1.0999999999999999,5e-14,2e-10,125,3.6e-07,2,1.82062e-06
1.0999999999999999,5e-14,4e-10,-25,3.6e-07,2,2.31568e-06
1.0999999999999999,5e-14,4e-10,0,1.8e-07,2,2.31334e-06
1.0999999999999999,5e-14,4e-10,75,1.8e-07,2,2.06987e-06
1.0999999999999999,5e-14,4e-10,100,1.8e-07,2,2.02173e-06
1.0999999999999999,5e-14,4e-10,125,3.6e-07,2,2.02142e-06
1.1999999999999997,1e-15,1e-11,25,1.8e-07,2,9.38797e-08
1.1999999999999997,1e-15,1e-11,100,1.8e-07,2,9.75656e-08
1.1999999999999997,1e-15,5e-11,25,1.8e-07,2,1.30084e-07
1.1999999999999997,1e-15,5e-11,75,3.6e-07,2,1.60665e-07
1.1999999999999997,1e-15,1e-10,-40,1.8e-07,2,1.62228e-07
1.1999999999999997,1e-15,1e-10,0,1.8e-07,2,1.61251e-07
1.1999999999999997,1e-15,1e-10,25,1.8e-07,2,1.53189e-07
1.1999999999999997,1e-15,2e-10,-25,1.8e-07,2,2.23728e-07
1.1999999999999997,1e-15,2e-10,0,1.8e-07,2,2.18428e-07
1.1999999999999997,1e-15,2e-10,25,1.8e-07,2,1.88028e-07
1.1999999999999997,1e-15,2e-10,125,1.8e-07,2,1.72965e-07
1.1999999999999997,1e-15,4e-10,-40,3.6e-07,2,5.17297e-07
1.1999999999999997,1e-15,4e-10,-25,3.6e-07,2,4.9722e-07
1.1999999999999997,1e-15,4e-10,0,3.6e-07,2,4.37991e-07
1.1999999999999997,1e-15,4e-10,25,3.6e-07,2,4.00121e-07
1.1999999999999997,1e-15,4e-10,100,3.6e-07,2,3.14382e-07
1.1999999999999997,5.454545454545455e-15,1e-11,100,3.6e-07,2,2.91371e-07
1.1999999999999997,5.454545454545455e-15,5e-11,-40,3.6e-07,2,3.68522e-07
1.1999999999999997,5.454545454545455e-15,5e-11,0,1.8e-07,2,3.57421e-07
1.1999999999999997,5.454545454545455e-15,5e-11,25,1.8e-07,2,3.4434e-07
1.1999999999999997,5.454545454545455e-15,5e-11,125,1.8e-07,2,3.23827e-07
1.1999999999999997,5.454545454545455e-15,1e-10,-40,3.6e-07,2,4.84828e-07
1.1999999999999997,5.454545454545455e-15,1e-10,-25,3.6e-07,2,4.79594e-07
1.1999999999999997,5.454545454545455e-15,1e-10,0,3.6e-07,2,4.51235e-07
1.1999999999999997,5.454545454545455e-15,1e-10,25,3.6e-07,2,4.35545e-07
1.1999999999999997,5.454545454545455e-15,2e-10,0,1.8e-07,2,5.0919e-07
1.1999999999999997,5.454545454545455e-15,2e-10,25,1.8e-07,2,4.87072e-07
1.1999999999999997,5.454545454545455e-15,2e-10,100,3.6e-07,2,4.98636e-07
1.1999999999999997,5.454545454545455e-15,4e-10,-40,1.8e-07,2,7.41612e-07
1.1999999999999997,5.454545454545455e-15,4e-10,-25,3.6e-07,2,7.94696e-07
1.1999999999999997,5.454545454545455e-15,4e-10,125,1.8e-07,2,5.32312e-07
1.1999999999999997,9.909090909090909e-15,1e-11,-25,1.8e-07,2,4.22832e-07
1.1999999999999997,9.909090909090909e-15,1e-11,0,1.8e-07,2,4.23651e-07
1.1999999999999997,9.909090909090909e-15,1e-11,75,1.8e-07,2,4.28876e-07
1.1999999999999997,9.909090909090909e-15,1e-11,100,1.8e-07,2,4.32649e-07
1.1999999999999997,9.909090909090909e-15,1e-11,125,3.6e-07,2,4.63127e-07
1.1999999999999997,9.909090909090909e-15,5e-11,-25,1.8e-07,2,5.33024e-07
1.1999999999999997,9.909090909090909e-15,5e-11,75,3.6e-07,2,5.19146e-07
1.1999999999999997,9.909090909090909e-15,1e-10,100,1.8e-07,2,5.74816e-07
1.1999999999999997,9.909090909090909e-15,2e-10,-40,3.6e-07,2,8.83677e-07
1.1999999999999997,9.909090909090909e-15,2e-10,125,3.6e-07,2,6.94782e-07
1.1999999999999997,9.909090909090909e-15,4e-10,-25,3.6e-07,2,1.09164e-06
1.1999999999999997,1.436363636363636e-14,1e-11,-25,1.8e-07,2,5.89776e-07
1.1999999999999997,1.436363636363636e-14,1e-11,25,1.8e-07,2,5.9165e-07
1.1999999999999997,1.436363636363636e-14,1e-11,125,1.8e-07,2,6.02498e-07
1.1999999999999997,1.436363636363636e-14,5e-11,75,1.8e-07,2,6.69738e-07
1.1999999999999997,1.436363636363636e-14,5e-11,100,3.6e-07,2,6.89847e-07
1.1999999999999997,1.436363636363636e-14,1e-10,0,3.6e-07,2,8.11171e-07
1.1999999999999997,1.436363636363636e-14,2e-10,100,3.6e-07,2,8.90269e-07
1.1999999999999997,1.436363636363636e-14,4e-10,-40,3.6e-07,2,1.40906e-06
1.1999999999999997,1.436363636363636e-14,4e-10,-25,3.6e-07,2,1.3632e-06
1.1999999999999997,1.436363636363636e-14,4e-10,0,3.6e-07,2,1.31233e-06
1.1999999999999997,1.436363636363636e-14,4e-10,25,3.6e-07,2,1.23943e-06
1.1999999999999997,1.436363636363636e-14,4e-10,75,1.8e-07,2,1.11839e-06
1.1999999999999997,1.8818181818181816e-14,1e-11,-40,3.6e-07,2,7.66101e-07
1.1999999999999997,1.8818181818181816e-14,1e-11,0,3.6e-07,2,7.78218e-07
1.1999999999999997,1.8818181818181816e-14,1e-11,125,3.6e-07,2,7.98118e-07
1.1999999999999997,1.8818181818181816e-14,5e-11,-25,3.6e-07,2,8.81918e-07
1.1999999999999997,1.8818181818181816e-14,5e-11,25,3.6e-07,2,8.67071e-07
1.1999999999999997,1.8818181818181816e-14,5e-11,75,1.8e-07,2,8.40009e-07
1.1999999999999997,1.8818181818181816e-14,1e-10,-40,1.8e-07,2,1.00761e-06
1.1999999999999997,1.8818181818181816e-14,1e-10,0,1.8e-07,2,9.81465e-07
1.1999999999999997,1.8818181818181816e-14,1e-10,100,1.8e-07,2,9.20279e-07
1.1999999999999997,1.8818181818181816e-14,1e-10,125,3.6e-07,2,9.20035e-07
1.1999999999999997,1.8818181818181816e-14,2e-10,-25,1.8e-07,2,1.21787e-06
1.1999999999999997,1.8818181818181816e-14,4e-10,-40,1.8e-07,2,1.57233e-06
1.1999999999999997,1.8818181818181816e-14,4e-10,-40,3.6e-07,2,1.6544e-06
1.1999999999999997,1.8818181818181816e-14,4e-10,75,3.6e-07,2,1.32642e-06
1.1999999999999997,1.8818181818181816e-14,4e-10,100,3.6e-07,2,1.29488e-06
1.1999999999999997,2.327272727272727e-14,1e-11,-40,1.8e-07,2,9.16811e-07
1.1999999999999997,2.327272727272727e-14,1e-11,0,3.6e-07,2,9.36407e-07
1.1999999999999997,2.327272727272727e-14,1e-11,25,3.6e-07,2,9.44829e-07
1.1999999999999997,2.327272727272727e-14,1e-11,100,1.8e-07,2,9.31478e-07
1.1999999999999997,2.327272727272727e-14,5e-11,-25,3.6e-07,2,1.04563e-06
1.1999999999999997,2.327272727272727e-14,5e-11,0,3.6e-07,2,1.04545e-06
1.1999999999999997,2.327272727272727e-14,5e-11,25,3.6e-07,2,1.03737e-06
1.1999999999999997,2.327272727272727e-14,5e-11,75,1.8e-07,2,1.00789e-06
1.1999999999999997,2.327272727272727e-14,1e-10,0,3.6e-07,2,1.16019e-06
1.1999999999999997,2.327272727272727e-14,1e-10,25,3.6e-07,2,1.14476e-06
1.1999999999999997,2.327272727272727e-14,2e-10,-40,3.6e-07,2,1.40796e-06
1.1999999999999997,2.327272727272727e-14,2e-10,0,3.6e-07,2,1.34854e-06
1.1999999999999997,2.327272727272727e-14,2e-10,75,1.8e-07,2,1.26841e-06
1.1999999999999997,2.327272727272727e-14,2e-10,100,3.6e-07,2,1.24349e-06
1.1999999999999997,2.327272727272727e-14,4e-10,25,1.8e-07,2,1.66136e-06
1.1999999999999997,2.327272727272727e-14,4e-10,75,3.6e-07,2,1.54407e-06
1.1999999999999997,2.327272727272727e-14,4e-10,125,3.6e-07,2,1.4589e-06
1.1999999999999997,2.7727272727272724e-14,1e-11,-40,3.6e-07,2,1.09499e-06
1.1999999999999997,2.7727272727272724e-14,1e-11,0,3.6e-07,2,1.11295e-06
1.1999999999999997,2.7727272727272724e-14,1e-11,75,1.8e-07,2,1.09491e-06
1.1999999999999997,2.7727272727272724e-14,5e-11,-40,1.8e-07,2,1.19018e-06
1.1999999999999997,2.7727272727272724e-14,5e-11,0,3.6e-07,2,1.21231e-06
1.1999999999999997,2.7727272727272724e-14,1e-10,-40,1.8e-07,2,1.32645e-06
1.1999999999999997,2.7727272727272724e-14,1e-10,-40,3.6e-07,2,1.35584e-06
1.1999999999999997,2.7727272727272724e-14,1e-10,75,1.8e-07,2,1.25892e-06
1.1999999999999997,2.7727272727272724e-14,1e-10,100,1.8e-07,2,1.23202e-06
1.1999999999999997,2.7727272727272724e-14,2e-10,-40,1.8e-07,2,1.60177e-06
1.1999999999999997,2.7727272727272724e-14,2e-10,25,3.6e-07,2,1.49629e-06
1.1999999999999997,2.7727272727272724e-14,2e-10,100,1.8e-07,2,1.38649e-06
1.1999999999999997,2.7727272727272724e-14,4e-10,0,3.6e-07,2,1.9282e-06
1.1999999999999997,2.7727272727272724e-14,4e-10,100,1.8e-07,2,1.67721e-06
1.1999999999999997,2.7727272727272724e-14,4e-10,125,3.6e-07,2,1.62143e-06
1.1999999999999997,3.218181818181818e-14,1e-11,-25,1.8e-07,2,1.2385e-06
1.1999999999999997,3.218181818181818e-14,1e-11,75,1.8e-07,2,1.24816e-06
1.1999999999999997,3.218181818181818e-14,5e-11,-25,3.6e-07,2,1.37162e-06
1.1999999999999997,3.218181818181818e-14,5e-11,75,1.8e-07,2,1.32423e-06
1.1999999999999997,3.218181818181818e-14,5e-11,100,1.8e-07,2,1.30769e-06
1.1999999999999997,3.218181818181818e-14,1e-10,-25,1.8e-07,2,1.49421e-06
1.1999999999999997,3.218181818181818e-14,1e-10,-25,3.6e-07,2,1.48885e-06
1.1999999999999997,3.218181818181818e-14,1e-10,25,3.6e-07,2,1.47224e-06
1.1999999999999997,3.218181818181818e-14,1e-10,100,3.6e-07,2,1.43742e-06
1.1999999999999997,3.218181818181818e-14,2e-10,-25,3.6e-07,2,1.7391e-06
1.1999999999999997,3.218181818181818e-14,2e-10,0,1.8e-07,2,1.71614e-06
1.1999999999999997,3.218181818181818e-14,2e-10,0,3.6e-07,2,1.6791e-06
1.1999999999999997,3.218181818181818e-14,4e-10,-25,3.6e-07,2,2.19089e-06
1.1999999999999997,3.218181818181818e-14,4e-10,100,3.6e-07,2,1.82735e-06
1.1999999999999997,3.6636363636363636e-14,1e-11,-40,1.8e-07,2,1.3997e-06
1.1999999999999997,3.6636363636363636e-14,1e-11,-25,1.8e-07,2,1.40305e-06
1.1999999999999997,3.6636363636363636e-14,1e-11,125,3.6e-07,2,1.474e-06
1.1999999999999997,3.6636363636363636e-14,5e-11,-40,3.6e-07,2,1.5416e-06
1.1999999999999997,3.6636363636363636e-14,5e-11,75,1.8e-07,2,1.4806e-06
1.1999999999999997,3.6636363636363636e-14,5e-11,75,3.6e-07,2,1.52775e-06
1.1999999999999997,3.6636363636363636e-14,5e-11,125,3.6e-07,2,1.53386e-06
1.1999999999999997,3.6636363636363636e-14,1e-10,125,1.8e-07,2,1.5251e-06
1.1999999999999997,3.6636363636363636e-14,2e-10,-40,1.8e-07,2,1.94811e-06
1.1999999999999997,3.6636363636363636e-14,2e-10,-40,3.6e-07,2,1.91176e-06
1.1999999999999997,3.6636363636363636e-14,4e-10,0,1.8e-07,2,2.31957e-06
1.1999999999999997,4.109090909090909e-14,1e-11,-40,1.8e-07,2,1.57291e-06
1.1999999999999997,4.109090909090909e-14,1e-11,-25,3.6e-07,2,1.59722e-06
1.1999999999999997,4.109090909090909e-14,5e-11,-40,1.8e-07,2,1.6933e-06
1.1999999999999997,4.109090909090909e-14,5e-11,25,1.8e-07,2,1.68275e-06
1.1999999999999997,4.109090909090909e-14,5e-11,75,3.6e-07,2,1.70146e-06
1.1999999999999997,4.109090909090909e-14,5e-11,100,3.6e-07,2,1.70728e-06
1.1999999999999997,4.109090909090909e-14,1e-10,-25,3.6e-07,2,1.83612e-06
1.1999999999999997,4.109090909090909e-14,1e-10,25,1.8e-07,2,1.79245e-06
